conflict_name,year_started,years_duration,minimum_fatalities,maximum_fatalities,hostility_level,total_belligerents,belligerent_population,belligerent_military_spending,belligerent_troops,mean_belligerent_democracy
British Attempts to Pass the Albanian Corfu Channel (1946),1946,0,44,44,Use of Force,2,48974627.805564545,17765562,2113,0.5
British Moves to Keep a Presence in the Suez Canal (1951-1952),1951,1,41,51,Use of Force,2,69529887.30091287,3310230,903,5.5
The Anglo-Persian War of 1856–1857,1856,1,1027,1475,War,2,33423396.935855336,32369,400,-3.5
Anschluss (1938),1938,0,0,0,Use of Force,2,73768350.35211673,7456686,840,-4.5
Shimonoseki Campaign (1863),1863,1,39,66,Use of Force,5,161473911.55102566,192616,2094,0.16666666666666666
The Aroostook War (1839),1839,0,0,0,Use of Force,2,41728437.31900079,11749,178,6
The Austro-Sardinian War of 1848–1849,1848,1,6613,8722,War,6,61504496.903741136,11278,550,-8.166666666666666
Azerbaijan Crisis (1945-1946),1945,1,0,0,Use of Force,2,187773118.99690887,8619898,12590,-5
Soviet Takeover of Latvia (1940),1940,0,3,3,Use of Force,2,181607090.78223938,6153198,4234,-9
Soviet Blockade of Estonia (1939),1939,0,0,0,Use of Force,2,175320609.19355002,5989246,1804,-7.5
Dutch Ten Days Campaign in Belgium (1832),1831,1,162,290,Use of Force,4,61365455.48420517,33414,657,-3.25
Berlin Blockade (1949),1948,1,0,0,Use of Force,4,401555839.4119939,28468220,5770,5.25
Berlin Crisis (1961),1961,1,2,2,Use of Force,8,603776059.8656119,106020857,7606,0.625
Bizerte Disputes (1961),1961,0,46,109,Use of Force,2,49258726.8457529,4149020,738,-2
Bosnian Crisis (1908-09),1908,1,0,0,Use of Force,2,45763619.52870236,23158,343,0
The Boxer Rebellion of 1900,1900,1,2293,4108,War,9,845293699.732524,340328,4752,0.6666666666666666
The {\it Caroline} Affair (1837),1837,1,0,0,Use of Force,2,40319527.39588808,11569,165,6
Jinan Incident and Aftermath (1928-1929),1928,1,91,305,Use of Force,2,522480098.04305995,346047,1985,-2
The Manchurian War of 1929,1929,0,4092,7007,War,2,619149478.8554869,2910326,2262,-6.5
German Occupation of Kiaochow (1897),1897,1,0,0,Use of Force,2,444541721.39564157,41882,1604,-2.5
The Off-shore Islands War of 1954–1955,1950,7,11325,23721,War,3,1327264006.161578,192617267,18996,4.857142857142857
The Korean War of 1950–1953,1950,3,569000,966952,War,19,961599034.5112358,22687112,8359,3.9473684210526314
NA,1956,0,16,16,Use of Force,2,755764151.6600344,47312178,5936,1
Corfu Incident (1923),1923,0,0,0,Use of Force,2,42679079.08401172,218870,390,-2.5
Major Power Intervention in Crete (1897),1897,0,0,0,Use of Force,8,347660693.24062145,188117,3487,-0.375
The Crimean War of 1853–1856,1853,3,103610,127780,War,6,210248451.53758654,66686,2151,-6.333333333333333
Cuban Missile Crisis (1962),1962,0,0,0,Use of Force,3,401976299.034901,102557200,6077,-1.3333333333333333
Prelude to the American Occupation of the Dominican Republic (1914-1916),1914,2,40,40,Use of Force,2,97049915.82185456,253205,167,10
Don Pacifico Affair (1850),1850,0,0,0,Use of Force,2,29122105.18247196,11851,210,-0.5
Fashoda Crisis (1898-1899),1898,1,0,0,Use of Force,2,77073893.47010751,76078,985,7.5
Occupation of Ferrara (1847),1847,0,0,0,Use of Force,2,34901000.78329777,6278,329,-9.5
Franco-Spanish Expansion in Morocco (1907-1908),1907,1,0,0,Use of Force,3,61584468.29237628,50231,757,2.6666666666666665
The Franco-Prussian War of 1870–1871,1870,1,74209,90865,War,5,82346956.7564703,104536,799,-5
The Franco-Spanish War of 1823,1822,1,170,195,War,2,41860677.902795605,9735,401,-4
French Intervention in Gabon (1964),1964,0,27,27,Use of Force,2,47408634.87685466,4966420,691,-1
Great Power Blockade of Greece (1886),1886,0,0,0,Use of Force,6,257283162.57832897,99322,2097,-0.8333333333333334
Start of the American Occupation of Haiti (1914-1915),1914,1,0,0,Use of Force,2,98139687.60784404,253738,172,3.5
Italian Invasion of Albania (1939),1939,0,391,580,War,2,43608229.3673956,676396,590,-4.5
The Conquest of Ethiopia of 1935–1936,1934,2,18888,27085,War,3,99152179.6649071,995748,780,-1.3333333333333333
The Italian-Roman War of 1860,1860,0,750,875,War,3,57641657.881565124,37335,811,-8
The Neapolitan War of 1860–1861,1860,1,1390,1550,War,3,66473709.92364543,36554,884,-8.333333333333334
The Italian-Turkish War of 1911–1912,1911,1,12760,16805,War,2,49495669.44539595,40502,627,-1
The War of Italian Unification of 1859,1859,0,14360,18550,War,4,115659433.69289738,65404,1026,-7
Kuwaiti Independence (1961),1961,1,0,0,Use of Force,9,126242605.37195744,5528179,1072,-5.875
Anglo-French Blockade of Argentine Confederation (1845-1846),1845,1,0,0,Use of Force,3,61687577.48053512,29946,535,-1
NA,1958,0,0,0,Use of Force,6,474627566.8411314,80875970,7556,0.8333333333333334
Allied Threats Against the Ruhr for Reparations (1921),1921,0,0,0,Use of Force,5,184867563.5911264,1748153,1499,6.2
Great Power Pressure on the Ottomans over Macedonia (1905),1905,0,0,0,Use of Force,6,313424133.42494184,302992,4262,-1.1666666666666667
The Second Sino-Japanese War of 1931–1933,1931,2,36296,43920,War,2,533597162.07114655,295557,1992,-2
Memel Dispute (Klaipėda Revolt),1923,0,2,25,Use of Force,3,83541504.34713005,1008993,878,7.666666666666667
The Franco-Mexican War of 1862–1867,1861,6,7928,12052,War,4,87961661.74256107,57597,993,-3.25
Fighting with the United States following the Coup in Mexico (1913-1914),1913,1,324,344,Use of Force,2,108885570.79115789,67303,186,5
Japan Takes the Chahar Province for Manchukuo (1934-1935),1934,1,102,340,Use of Force,2,547309678.3338917,415407,2099,-2
British-American Tensions in the Mosquito Coast (1854),1854,0,0,0,Use of Force,2,52789258.78080222,82094,255,5.5
Rioting in the Hankow Concession (1927),1927,0,42,42,Use of Force,8,784621643.7427849,2379007,3553,1.5
Battle of Navarino Bay (1827),1827,1,2160,3200,Use of Force,4,125344592.67064798,28835,1258,-6.5
Austrian Intervention in Two Sicilies Following Cabonari Coup (1821),1821,0,27,125,Use of Force,2,34739853.87581746,7864,322,-10
NA,1959,1,1,1,Use of Force,2,627194041.627728,6614674,3228,-3
NA,1926,0,0,0,Use of Force,2,113989606.10113761,558136,250,10
Franco-British Tensions in Africa (1896-1898),1896,2,0,0,Use of Force,2,76261234.88074932,71315,928,7
Conflict Leading to the Punctation of Olmutz (1850),1850,0,0,0,Use of Force,7,166733621.63315287,51367,1948,-4.833333333333333
Ottoman Occupation of Taba (1906),1906,0,0,0,Use of Force,2,59353517.91796995,53899,694,-1
The Third Sino-Japanese War of 1937–1941,1937,4,596660,975750,War,2,558817317.3286321,1350357,2393,1
Panama Occupies the Coto Region (1921),1921,0,38,115,Use of Force,3,106125253.96960764,1116342,388,5.666666666666667
American Pressure on Colombia over Panama Canal (1903),1903,1,0,0,Use of Force,2,82430965.97405563,43814,121,5
Pastry War (1838-1839),1838,1,40,95,Use of Force,2,39841162.65840789,11981,329,-2
Russian Moves on Persia (1911-1912),1911,1,301,650,Use of Force,2,168414075.2271424,64291,1457,-3
NA,1908,0,0,0,Use of Force,2,158673496.4142429,63927,1411,-3
Austro-Hungary Puts Down Piedmont Revolt (1821),1821,0,27,125,Use of Force,2,44682101.04136723,8795,316,-10
NA,1962,4,85,221,Use of Force,3,827020951.2819622,61980506,5677,-2
Taiwan Straits War of 1958,1958,1,1165,1587,War,4,989168175.262954,81893251,10123,-3.25
The War of the Roman Republic of 1849,1849,0,2290,3080,War,3,43091905.99723328,19339,524,-4.333333333333333
French and Belgian Occupation of the Ruhr (1923),1923,0,0,0,Use of Force,3,105534992.5482085,1314900,758,8
NA,1932,3,0,0,Use of Force,2,222940070.5188442,2427256,932,-3.5
The Russo-Finnish War of 1939–1940,1939,1,141960,170120,War,2,177794547.17414978,6052614,1826,-2.5
The Russo-Japanese War of 1904 –1905,1903,2,90157,105676,War,2,177435326.89878726,63393,1374,-4.5
Battle of Khalkhyn Temple and Other Small Clashes (1935-1936),1935,1,108,166,Use of Force,3,228730129.93407896,5812650,1712,-5.666666666666667
The Nomonhan War of 1939,1939,0,19727,23255,War,3,243856789.49834624,7684093,2748,-5.666666666666667
The Changkufeng War of 1938,1938,0,1142,1560,War,2,236932926.28799105,7129194,1936,-4
The Second Russo-Turkish War of 1877–1878,1876,2,59781,81100,War,2,108418632.54797184,54134,1270,-7
The First Russo-Turkish War of 1828–1829,1827,2,42785,53925,War,2,72012326.6056715,7880,866,-10
The Second Schleswig-Holstein War of 1864,1863,1,2146,2841,War,6,96341686.89403324,38847,863,-2.6
Franco-Siamese War (1893),1893,0,21,21,War,3,81515155.37067458,65741,909,1.3333333333333333
Allied intervention in the Russian Civil War (1917),1918,4,6742,9390,War,9,442956115.2835899,23687113,16542,3
The War in Assam of 1962,1961,3,1501,2581,War,2,1059098178.0756247,8591373,2975,0.5
The Sinai War of 1956,1955,1,1996,4216,War,6,471404042.28745997,76933247,9690,4.333333333333333
The Sino-French War of 1884–1885,1883,2,4016,5165,War,2,395215938.71586144,38423,1516,0.5
NA,1959,2,23,50,Use of Force,2,1031017892.4990313,7177114,3743,0.5
NA,1858,0,0,0,Use of Force,2,56622856.12642154,26828,321,5.5
Allied-Soviet Air Incidents (1953),1953,0,5,5,Use of Force,4,399770202.7487719,80495786,10470,1.5
Interventions in the Spanish Civil War (1936-1939),1936,3,10992,15180,War,4,292950421.5389199,6546044,2714,-5
First Occupation of the Ruhr (1920),1920,0,0,0,Use of Force,3,104064576.78512873,478985,1727,8
Trent Affait (1861),1861,0,0,0,Use of Force,2,59622943.947175354,121394,533,5.5
Tsushima Incident (1861),1861,0,0,0,Use of Force,3,131940792.77817623,45981,1192,-4.333333333333333
Invasion of Tunis (1881),1881,0,0,0,Use of Force,2,57256872.75797461,42606,829,-1.5
Italian Occupation of Ottoman Lands (1919),1919,0,0,0,Use of Force,2,49420182.46715234,306616,2129,-1
Austrian Moves during the Italian Unification Wars (1849),1849,0,0,0,Use of Force,2,36582602.19036232,15696,414,-8
Soviet Seizures of British Ships (1923),1923,0,0,0,Use of Force,2,184363173.99964914,1469824,2437,1.5
NA,1904,0,0,0,Use of Force,2,177315655.93485862,110020,1569,-1
Bay of Pigs (1960-1961),1960,1,0,0,Use of Force,3,389327121.1911132,82515032,5952,-0.3333333333333333
U2 Flights [Gary Powers] (1960),1960,0,4,4,Use of Force,6,567210447.9189426,83412750,6864,3.8333333333333335
Venezuelan Crisis (1902-03),1902,1,0,0,Use of Force,5,206998744.17847812,190061,1523,3
"Spanish Seizure of the American Vessel, Virginius (1873)",1873,0,0,0,Use of Force,3,88645973.0585049,45937,395,2.6666666666666665
World War I of 1914–1918,1914,4,8978632,10730594,War,15,586759951.7793193,7553086,9278,1.5833333333333333
World War II of 1939–1945,1939,6,13297826,15542027,War,34,1642230203.8093367,47024307,25796,-0.7666666666666667
Yemen-Adenese Border Conflict (1956-1958),1956,2,2,35,Use of Force,2,53846598.01771393,4527611,779,2
NA,1914,1,0,0,Use of Force,2,477525145.6697003,176132,760,-2
The Seven Weeks War of 1866,1866,0,19571,23127,War,10,106331675.16343337,54041,889,-5.714285714285714
NA,1958,0,5,5,Use of Force,2,47398741.798098125,3630479,967,5
NA,1854,0,0,0,Use of Force,2,103833173.5400986,49157,1640,-8
Ottoman Seizure of an Italian Sambuk (1910),1910,0,0,0,Use of Force,2,49459192.51405336,30789,576,-1
NA,1911,0,0,0,Use of Force,2,81152741.98528214,51606,591,-2.5
Italian Entry into World War I (1914-1915),1914,1,0,0,Use of Force,4,208734471.80121145,4973021,6635,-1.6
Pancho Villa Expedition (1916-1917),1916,1,52,88,Use of Force,2,112943158.29676332,277421,379,5
Noemvriana (November Events) or Greek Entry into WWI (1916-1917),1916,1,35,70,Use of Force,3,84596515.67613083,10830144,5297,8
Greek Entry into World War I (1915),1915,2,206,500,Use of Force,3,73724974.6563015,5035258,3905,-2
Great Power Occupation of Constantinople (1920),1920,0,0,0,Use of Force,4,129846308.55801056,2143190,3002,5.333333333333333
Allied Pressure on the Ottomans (1922-1923),1922,1,0,0,Use of Force,4,131423951.76459596,1410003,1413,4.25
Tientsin and After (1939-1940),1939,1,0,0,Use of Force,3,151512909.94009054,10619292,1932,7
NA,1966,1,0,0,Use of Force,2,923276273.3125303,63931440,6400,-8
NA,1967,0,0,0,Use of Force,3,424150452.74738175,127939616,7355,3.3333333333333335
Prague Spring (1968),1968,0,0,0,Use of Force,6,308373203.0790869,69131604,5182,-6.166666666666667
USS Pueblo Incident (1968),1968,0,1,1,Use of Force,2,209006366.32752883,81342000,3960,-0.5
Damansky Island Crisis (1968-1969),1968,1,85,188,Use of Force,2,967069843.143337,80478960,6900,-8
Peruvian-US Fisheries Dispute (1969),1969,0,0,0,Use of Force,2,209576719.61196774,81620910,3535,0.5
NA,1969,0,12,300,Use of Force,2,786592170.5548056,20407924,3003,-7.5
Cod War II (1972-1973),1972,1,1,1,Use of Force,3,294224187.659618,104561113,4370,1.5
Battle for Paracel Islands (1974),1974,0,85,95,Use of Force,2,870807789.8637059,27339000,5280,-5.5
NA,1975,0,27,101,Use of Force,2,219089381.4549215,91015008,2160,5
NA,1975,0,4,4,Use of Force,2,1459883426.1121,31160197,5970,-0.5
NA,1976,0,10,10,Use of Force,2,56402531.68311331,13395321,616,0.5
Axe Murder Incident (1976),1976,0,4,4,Use of Force,3,262329822.40612355,92892995,3185,-2.3333333333333335
NA,1976,0,0,0,Use of Force,2,79745840.14603703,11648018,492,0.5
NA,1974,0,0,0,Use of Force,2,1096116882.7207198,135800000,8400,-7.5
NA,1976,0,0,0,Use of Force,2,354524823.2036277,142972179,4436,1.5
The French Morea Expedition Against the Ottomans (1828),1828,0,111,225,Use of Force,2,51591759.232014,12073,376,-7
The First Schleswig-Holstein War of 1848–1849,1848,1,806,1279,War,9,128401330.83902179,38623,1043,-6.333333333333333
Great Power Intervention in Crete (1898),1898,0,0,0,Use of Force,5,253063631.39059597,135405,2567,-1.8
Italian Occupation of Albania (1914-1915),1914,1,0,0,Use of Force,2,36428082.303043336,89116,346,-1.5
Portugal Seizes German Ships at Britain's Request (1916),1916,0,0,0,Use of Force,2,69953303.62085308,4980425,4705,4.5
Bulgarian entry into World War I (1915),1914,1,0,0,Use of Force,5,248416905.24657932,12715037,14940,1
German Uboat Attacks on American Shipping (1915-1917),1915,2,0,0,Use of Force,2,161308704.4459464,5271648,3997,6
NA,1917,0,0,0,Use of Force,2,88192838.94974664,7182193,5405,-0.5
NA,1931,0,0,0,Use of Force,2,51745057.51122957,298244,414,-7
Soviet-Japanese Fighting over the Amur River (1937-1938),1937,1,66,230,Use of Force,2,232884846.69067356,4388588,1826,-4
Italian Moves on Albania and Greece in World War II (1940),1940,0,9,9,Use of Force,2,49802894.412028044,668668,1739,-8.5
Anglo-Iraqi War (1941),1941,0,550,1036,War,5,193707786.24518764,41327099,9773,-4.2
Soviet Takeover of Lithuania (1940),1940,0,0,0,Use of Force,2,182312708.39763713,6155055,4233,-9
Soviet Takeover of Estonia (1940),1940,0,0,0,Use of Force,2,180805879.07185018,6150046,4218,-7.5
Anglo-Soviet invasion of Persia (1941),1941,1,695,1045,Use of Force,3,243689608.20981935,18165066,6631,0
NA,1949,0,1,1,Use of Force,2,52565550.087641604,3137333,788,2
NA,1956,0,10,10,Use of Force,2,611905145.0528194,5613950,3163,0
The Soviet Invasion of Hungary of 1956,1956,0,3092,3520,War,2,200180463.0003043,26962088,5315,-7
Targeting the Baghdad Pact after the Suze Crisis (1957-1958),1957,1,0,0,Use of Force,7,422337446.9581096,73008256,7996,-0.8571428571428571
Soviet Moves on West Berlin (1958-1959),1958,1,0,0,Use of Force,4,556207896.0301286,91932267,9443,5.5
NA,1962,3,53,105,Use of Force,2,56674254.53643102,5097642,477,5
The Vietnam War Phase 2 of 1965–1975,1964,11,883003,1124302,War,11,1690657616.632316,79597701,9336,-0.25
The Franco-Thai War of 1940–1941,1940,1,438,690,War,2,47056780.62257472,5718276,5000,-6
Japanese Moves on Manchuria (1935),1935,0,0,0,Use of Force,2,554604058.1722857,442067,2110,-2
Cod War III (1975-1976),1975,1,0,0,Use of Force,2,54562045.65596809,11475228,348,10
NA,1965,0,38,38,Use of Force,2,1151474440.3009272,15591750,3620,0.5
NA,1963,0,0,0,Use of Force,5,262533846.59368518,59163689,3306,4.2
Struggle over East Jerusalem and the West Bank (1950-1956),1950,9,154,241,Use of Force,3,26260536.685609084,279187,188,-2.3333333333333335
NA,1957,0,0,0,Use of Force,2,5724761.239668541,161532,101,0
NA,1962,0,3,3,Use of Force,2,3290384.7865290474,175370,100,0.5
NA,1963,2,5,5,Use of Force,2,3426950.468185389,206349,110,0.5
Fighting over West New Guinea (1960-1962),1960,2,70,228,Use of Force,2,102439850.83762288,844476,467,2.5
NA,1951,1,0,0,Use of Force,2,88567680.15533704,567295,618,5
NA,1957,2,0,0,Use of Force,2,97583339.74658926,981109,438,4.5
NA,1928,1,4,40,Use of Force,2,3062701.9248071928,5247,11,-0.5
The Chaco War of 1932–1935,1931,4,25417,65462,War,2,3190775.5774292783,4893,10,-0.5
The Six Day War of 1967,1966,4,5375,13119,War,7,77735687.41924897,2563889,888,-6.090909090909091
Syrian-Jordan Fighting with Great Power Involvement (1970),1970,0,202,500,Use of Force,4,217104037.43831262,78351323,3310,-4.25
The Yom Kippur War of 1973,1971,2,8101,13665,War,6,107729802.71406296,9082457,1365,-6.222222222222222
NA,1968,0,1,1,Use of Force,2,4839383.33721452,612826,114,5.5
NA,1974,2,11,11,Use of Force,3,42963452.106818214,7045724,602,2.6666666666666665
Dutch–Venezuelan Crisis (1908),1908,0,0,0,Use of Force,2,8179065.909024939,3798,37,-2.5
NA,1941,0,0,0,Use of Force,2,14386416.78616454,586283,436,0.5
NA,1970,0,0,0,Use of Force,2,16528120.921055146,990160,185,0
Indonesia–Malaysia Confrontation (1963),1963,2,118,232,Use of Force,5,190684256.08509842,6754104,968,7.857142857142857
Annexation of Goa (1961),1961,0,38,67,Use of Force,2,438350965.20680004,808898,850,0
NA,1947,1,0,0,Use of Force,2,409485142.7553404,218680,586,-4
NA,1951,0,6,6,Use of Force,2,409038340.9252118,628452,588,7
NA,1971,0,1,1,Use of Force,2,7988468.094230508,283375,175,-9
Border Fighting Between Morocco and Newly-Independent Algeria (1962),1962,0,52,200,Use of Force,2,23460488.845197827,118854,90,-6
Sand War (1963),1963,0,64,135,Use of Force,2,23909126.397641957,154301,110,-5.5
The Second Spanish-Moroccan War of 1909–1910,1909,1,3626,6965,War,2,23668956.572707944,9241,117,0
NA,1911,0,0,0,Use of Force,2,24074012.087119997,9109,153,0
NA,1958,0,0,0,Use of Force,2,34621456.30834811,218266,116,-7
NA,1900,0,0,0,Use of Force,2,7273101.715841716,3680,39,2
NA,1912,0,0,0,Use of Force,2,7639798.880240674,4747,34,-0.5
NA,1952,0,0,0,Use of Force,2,23244569.40516541,636215,102,-3.5
NA,1955,0,0,0,Use of Force,2,24562170.168777965,580833,190,-0.5
The Snipe Incident and Chilean-Argentine Border Conflict (1958-1960),1958,2,0,0,Use of Force,2,26119363.499562323,384833,185,2
NA,1972,0,7,17,Use of Force,2,2293336.655376738,90157,17,-8
NA,1973,0,0,0,Use of Force,2,2444250.948596785,149239,20,-8
Iranian Involvement in South Yemen-Oman Fighting (1975-1976),1975,1,102,275,Use of Force,3,34223051.4340705,7410104,416,-9
Unification of Yemen (1971-1972),1971,1,0,0,Use of Force,2,7320609.835398641,38360,23,-4.5
North Yemen Civil War (1962-1963),1962,1,156,770,Use of Force,5,222961023.5685796,52712919,2994,-3.2
Egyptian Conflict with the Saudis over YAR (1966-1967),1966,1,4,4,Use of Force,2,34994244.10331856,638778,260,-8.5
NA,1969,0,9,36,Use of Force,2,6905870.007856869,357771,69,-7.5
NA,1967,0,1,1,Use of Force,2,17388291.185891464,367778,150,-0.5
The Ifni War of 1957–1958,1957,1,260,570,War,3,83343742.3498847,3806835,1436,-2.3333333333333335
NA,1972,0,0,0,Use of Force,2,49388580.881825626,1001819,430,-8
Spanish-Moroccan Fisheries Conflict (1973-1974),1973,1,0,0,Use of Force,2,50197603.171349496,1344305,430,-8
Hispanola Border Fighting (1901),1901,0,0,0,Use of Force,2,1937659.9750958993,281,8,-3
NA,1962,0,3,3,Use of Force,2,34879352.634676635,459091,511,2
NA,1958,1,0,0,Use of Force,3,208073463.58208382,45581823,2468,-0.3333333333333333
The Saudi-Yemeni War of 1934,1933,1,1875,2325,War,5,133021962.15158959,1703316,1160,-1.8
NA,1914,3,0,0,Use of Force,2,25470656.588731192,0,308,-0.5
NA,1918,0,0,0,Use of Force,2,162631374.82436237,258741,46,-0.5
Bolshevik Attack on White Russian Fleet in Persia (1920-1921),1920,1,0,0,Use of Force,3,199407236.30017176,2659087,3686,2.3333333333333335
Fight over Persian Gulf Islands (1971-1972),1972,0,2,20,Use of Force,2,38874967.33429924,1547385,370,-8.5
NA,1969,0,0,0,Use of Force,2,35665091.994727716,922658,315,-8.5
NA,1959,1,0,0,Use of Force,2,26537797.173703983,304553,214,-7.5
Leticia War (1932-1933),1932,1,42,120,Use of Force,2,13141868.164693931,9657,19,2.5
Harbin Soviet (1917),1917,0,0,0,Use of Force,2,599126745.5764458,4040000,9950,-3
NA,1904,0,30,30,Use of Force,2,4837364.199912539,434,8,-0.5
NA,1912,1,0,0,Use of Force,2,5556370.957292415,341,14,-0.5
NA,1932,0,2,50,Use of Force,2,7492736.6760730855,7820,16,-0.5
Peru-Ecuador Border Clashes (1938),1938,0,4,20,Use of Force,2,8363664.000770044,9928,22,0.5
Zarumilla War (1940-1941),1940,2,406,703,War,2,8668829.657356814,7212,0,0.5
NA,1951,0,2,2,Use of Force,2,10951487.041738864,39789,47,0
NA,1954,0,0,0,Use of Force,2,11780342.715279931,44204,48,0
NA,1955,0,0,0,Use of Force,2,12128739.744154966,51998,38,0
NA,1907,0,0,0,Use of Force,2,8102206.337884108,997,11,-1.5
Colombian Occupation of the Yapura River Region (1911),1911,0,2,20,Use of Force,2,8822751.330543837,395,10,-1.5
NA,1902,1,0,0,Use of Force,2,21358522.189617198,2669,28,-0.5
Ankoko Affair (1966-1967),1966,1,0,0,Use of Force,2,9868492.460213682,177193,42,4
NA,1927,1,0,0,Use of Force,2,2443762.5468638227,3000,9,3.5
NA,1929,0,0,0,Use of Force,3,119520330.67050797,702341,260,4
Salvadoran-Guatemalan Border Clashes (1935),1935,0,4,20,Use of Force,2,3375347.9493090524,3540,9,-9
NA,1969,0,0,0,Use of Force,2,25356580.30042801,471831,177,-0.5
NA,1957,0,35,35,Use of Force,2,3082593.908396264,11487,8,-4.5
Colombian-Venezuelan Tensions and the Battle of Carazua (1900-1901),1900,1,100,200,Use of Force,2,6281109.812696932,504,5,-1.5
NA,1917,0,0,0,Use of Force,2,1967661.8502264568,882,9,-2
Brazilian Blockade of Bolivia (1902-1903),1902,1,0,0,Use of Force,2,19709725.55310126,2508,27,-0.5
NA,1910,1,2,50,Use of Force,2,5727362.593561182,783,7,2
NA,1976,0,2,2,Use of Force,2,7061693.68481765,61620,20,-1
NA,1976,1,0,0,Use of Force,2,25080822.297734685,898864,211,-7
NA,1954,1,0,0,Use of Force,3,161045460.41791898,42787975,3305,4
Nicaraguan Occupation of the North Bank of the Coco River (1918),1918,0,0,0,Use of Force,2,1248961.3511063906,0,6,1
NA,1943,0,2,24,Use of Force,2,510261238.3525171,331806,3680,-9
The Fourth Central American War of 1907,1906,1,1338,2551,War,3,1878118.49752105,303,8,-3.6666666666666665
NA,1909,0,0,0,Use of Force,4,89990372.83776478,56552,150,1.5
The Third Central American War of 1906,1906,0,951,4000,War,4,3002258.0988943786,725,15,-5
The Football War of 1969,1969,0,1169,1854,War,2,5846402.206689734,17580,10,-0.5
NA,1912,0,0,0,Use of Force,2,2483828.6089513665,630,13,-3
NA,1959,0,1,1,Use of Force,2,21178648.178657368,257757,156,-5
NA,1962,0,2,50,Use of Force,2,22239175.08733583,409818,147,-5
Cambodian Entry into the Vietnam War (1964),1964,5,31,127,Use of Force,5,1676015835.853462,84032832,8941,-4.333333333333333
NA,1956,0,0,0,Use of Force,2,17197518.29969992,223952,190,-6
NA,1958,0,0,0,Use of Force,2,18074433.780722294,186269,196,-6
The Russo-Polish War of 1919–1920,1919,2,34486,47580,War,3,217874228.82455826,2893360,2446,5
Preah Vihear Temple Conflict (1953-1954),1953,1,0,0,Use of Force,2,25383158.586137924,68206,89,-4.5
NA,1958,1,0,0,Use of Force,2,29479701.926180374,80848,136,-8
NA,1962,0,0,0,Use of Force,2,33333719.54986535,124874,153,-8
Thai-Cambodian Conflict over the Khao Phra Viharn/Preah Vihear Temple (1964-1966),1964,2,24,246,Use of Force,2,35282419.39147765,141412,160,-8
NA,1975,1,9,33,Use of Force,2,47455795.39898248,579201,289,1.5
Thai-Cambodian-Vietnamese Border Conflict and the Khmer Rouge (1976-1987),1976,11,345,419,Use of Force,3,166650874.93627322,579588,1970,-7
Hungarian Occupation of Burgenland (1921),1921,0,2,20,Use of Force,2,14008880.565108806,12899,64,3.5
Koplik War (1921),1921,0,100,300,Use of Force,2,12633851.261259563,34551,158,0
The First Kashmir War of 1947–1949,1947,2,2179,5660,War,2,409485142.7553404,218680,586,-4
NA,1925,0,32,62,Use of Force,2,10998822.04778585,31290,101,-4.5
Polish-Lithuanian Border Clash (1938),1938,0,1,1,Use of Force,2,33302220.945401996,165920,331,-7.5
Polish Occupation of Bohumin (1938),1938,0,2,2,Use of Force,2,44917771.052524835,352980,471,0.5
The First Balkan War of 1912–1913,1912,1,52310,67450,War,4,23770319.76376812,15823,360,1
The Second Balkan War of 1913,1913,0,28962,40915,War,5,31448952.81043316,36104,1174,2.25
Allied Occupation of Albania (1918),1918,1,0,0,Use of Force,4,82835665.59113309,7958633,8640,3
Romania Occupies Part of Serbia (1918),1918,0,0,0,Use of Force,2,21027829.45405031,41119,470,0.5
The Hungarian Adversaries War of 1919,1919,0,9200,12200,War,6,146098721.07097107,1708919,6166,2
Czech-Poland Seven Day War (1919),1919,0,80,160,Use of Force,2,38120987.20706141,21741,450,7.5
The Second Greco-Turkish War of 1919–1922,1919,3,36247,44847,War,2,18858504.286869667,86777,187,NA
The Lithuanian-Polish War of 1920,1919,1,610,890,War,3,28729960.17694192,9354,370,6.333333333333333
Upper Silesia Plebiscite (1921),1921,0,60,150,Use of Force,2,85598529.16265546,184983,369,7
NA,1963,1,1,25,Use of Force,2,36936497.75378236,528726,650,6.5
Greek Conflict with Albania over Support for Rebels (1948),1948,0,3,27,Use of Force,2,8502547.777622191,114362,214,-0.5
Operation Pyrsos [Fighting in Greek Grammos Mountains] (1949),1949,0,2,50,Use of Force,2,8520924.574524498,124427,288,-2.5
Yugoslav-Soviet Split (1949-1951),1949,2,2,2,Use of Force,6,572748311.0286808,45284506,10643,-5.7
The Turco-Cypriot War of 1974,1974,0,720,1560,War,3,46726202.392042145,2205056,771,6.666666666666667
NA,1952,0,1,1,Use of Force,2,14498258.972930128,278375,361,-1.5
NA,1955,0,6,6,Use of Force,2,438102033.28590846,637459,590,7
NA,1956,0,11,11,Use of Force,2,448801528.8128241,609112,590,8.5
NA,1958,1,6,6,Use of Force,2,466565090.74393404,747738,713,1
NA,1960,0,0,0,Use of Force,2,74487666.70195548,218415,283,-8.5
NA,1961,0,2,2,Use of Force,2,76602794.9789124,220042,353,-8.5
Afghan-Pakistani Border Skirmishes (1950),1950,0,57,205,Use of Force,2,61299298.27146334,204052,321,-3
NA,1949,0,0,0,Use of Force,2,65703159.1584157,187161,331,-3
NA,1950,0,2,50,Use of Force,2,402908242.12010497,565471,587,6.5
NA,1962,0,2,2,Use of Force,2,507335226.04677904,1106408,1049,5
The Second Kashmir War of 1965,1964,2,2631,4230,War,2,530391599.5189351,1941532,1490,5
NA,1963,0,0,0,Use of Force,2,517907592.67233324,1745234,1353,5
NA,1965,0,1,1,Use of Force,2,24973955.660351474,41921,31,-1
NA,1960,0,62,210,Use of Force,2,23875802.378098845,383680,135,5
NA,1966,0,0,0,Use of Force,2,15247707.631508762,50866,25,-1
NA,1969,0,0,0,Use of Force,2,5164231.007098443,13713,7,-8
NA,1976,2,16,16,Use of Force,2,6890195.337871592,140294,18,5
NA,1975,0,0,0,Use of Force,2,6699981.772321038,116956,16,5
NA,1976,1,0,0,Use of Force,2,6446936.960699031,1190157,36,-7
NA,1976,0,3,10,Use of Force,2,8134730.225874072,68578,13,-8.5
NA,1972,0,0,0,Use of Force,2,815855.4141046423,7669,4,-8
NA,1973,0,0,0,Use of Force,2,13260579.708217124,681241,281,-9
NA,1967,0,2,2,Use of Force,2,566634177.8770646,1724760,1771,5
NA,1954,1,0,0,Use of Force,2,104758474.70636693,488517,795,3
NA,1958,2,0,0,Use of Force,2,23180436.033764664,63,245,-0.5
NA,1966,0,1,1,Use of Force,2,7874202.463391559,26117,15,-9
NA,1967,0,0,0,Use of Force,2,8147339.682120947,30720,10,-9
The Second Laotian War Phase 2 of 1968–1973,1962,11,8235,16806,War,10,1618470856.1469424,222520655,16362,1.2857142857142858
The War of the Communist Coalition of 1970–1971,1969,1,229,550,Use of Force,2,35073772.55933073,552876,562,-8
NA,1964,0,0,0,Use of Force,2,5943081.35097567,5978,4,-4
NA,1973,0,0,0,Use of Force,2,17798605.887824282,61734,28,-6.5
International Fighting during the Laotian Civil War (1960-1961),1960,1,52,200,Use of Force,6,1065694264.2652693,92812298,8456,-3.5
NA,1972,0,2,2,Use of Force,2,22372036.641999297,632413,280,-7.5
NA,1965,0,0,0,Use of Force,2,17107823.853573747,20722,22,4.5
NA,1973,0,0,0,Use of Force,2,22080388.863540273,95246,20,-7
NA,1976,0,0,0,Use of Force,2,24310385.66987731,153788,34,-7
Kuomintang in Burma (1950-1953),1950,3,390,1155,Use of Force,2,25122530.88982083,106851,306,0
NA,1975,0,1,1,Use of Force,2,43315671.06984595,531193,273,-2
NA,1976,0,21,21,Use of Force,2,14158694.9653604,3648419,197,1
NA,1967,0,4,100,Use of Force,3,38273719.586532086,65614,77,-0.6666666666666666
Low-Intensity Conflict in Korea (1962-1971),1962,9,325,424,Use of Force,3,988880396.2524134,328342989,16437,4.428571428571429
Post-Ugandan Coup Conflict with Tanzania (1971),1971,0,30,59,Use of Force,2,23005881.2799643,83049,34,-6.5
Rebel Invasion of Uganda (1972),1972,1,11,59,Use of Force,3,25681601.673743155,364515,58,-6.666666666666667
NA,1974,1,0,0,Use of Force,4,44810392.711301014,332325,96,-7.25
NA,1969,2,11,35,Use of Force,2,12568681.879531393,391801,232,-8
NA,1972,1,0,0,Use of Force,4,42089188.69938892,1380368,320,-2.5
NA,1971,0,0,0,Use of Force,2,12662828.213841151,580978,258,-4.5
NA,1966,0,0,0,Use of Force,2,12255388.933034774,291718,201,-3.5
NA,1974,0,0,0,Use of Force,2,10447261.744617578,161017,31,-2.5
NA,1971,0,0,0,Use of Force,2,23196935.05599241,161802,49,-7
NA,1969,0,0,0,Use of Force,2,33002659.170398045,284169,366,-7
NA,1963,1,0,0,Use of Force,2,5869890.047255521,4841,4,-4
NA,1966,0,0,0,Use of Force,2,11351557.63300092,42843,39,-8
NA,1962,0,0,0,Use of Force,2,5640118.306457981,12196,3,-7
NA,1974,1,2,50,Use of Force,2,11447045.13147609,17917,13,-5.5
NA,1965,0,1,1,Use of Force,2,9179064.416069398,32384,27,-7.5
NA,1967,0,0,0,Use of Force,2,37767512.48840038,92953,65,-1
NA,1960,1,0,0,Use of Force,2,25186524.021205135,16516,33,-1
NA,1963,1,83,262,Use of Force,2,26864890.70089416,26380,64,-1
NA,1963,1,0,0,Use of Force,3,63492246.391012475,5246000,462,6.333333333333333
NA,1974,0,0,0,Use of Force,2,34516783.19379945,96324,75,-3.5
NA,1975,0,9,9,Use of Force,2,35547726.43937308,148154,80,-7
NA,1975,2,19,92,Use of Force,3,20438479.993087005,202974,52,-4.333333333333333
The Vietnamese-Cambodian Border War of 1977–1979,1977,2,4359,12275,War,2,54091693.93522099,0,685,-7
The War over Angola of 1975–1976,1975,13,910,4694,War,6,135065085.0111898,2872574,469,-6.777777777777778
The War for Bangladesh of 1971,1971,0,8471,11379,War,2,602914278.7020869,2652025,1964,4.5
Indonesian occupation of East Timor (1975-1976),1975,1,0,0,Use of Force,2,134096384.11152326,1973875,364,-2
NA,1956,0,0,0,Use of Force,3,44472649.3596126,394939,722,-2
NA,1965,0,0,0,Use of Force,2,478740568.2940846,1809669,1242,0
NA,1962,0,0,0,Use of Force,3,1083046643.510789,10242608,3120,-2.6666666666666665
NA,1976,0,0,0,Use of Force,2,673030713.8745193,2970297,1566,0
NA,1975,0,5,5,Use of Force,3,260684265.18243358,92405780,3198,-2.3333333333333335
Aland Islands Crisis (1918),1918,0,0,0,Use of Force,2,67976946.1455487,8865259,8101,7
The War of Attrition of 1969–1970,1967,3,1187,2424,War,5,504594398.461703,146591355,8925,-4.666666666666667
The Naval War of 1865–1866,1864,2,152,269,Use of Force,3,23442631.30128151,6013,162,-1.6
Sino-Japanese Tensions Following the Gapsin Coup (1884),1884,1,3,3,Use of Force,2,397151879.46375847,2120,1048,-2.5
Sino-Japanese Fight Over Formosa (1874),1874,0,0,0,Use of Force,2,377782427.81348526,2283,1041,-2.5
The First Sino-Japanese War of 1894–1895,1894,1,10576,12565,War,3,435434691.51639366,13167,1088,-1.3333333333333333
NA,1849,0,0,0,Use of Force,2,4179419.945439618,1416,31,-4
NA,1854,1,0,0,Use of Force,2,4378807.362089257,1374,33,-4
"Venezuelan Seizure of the Dutch Ship, Honfleur (1870)",1870,0,0,0,Use of Force,2,5056317.971428903,1920,44,-4
Chilean Occupation of Mejillones (1857-1858),1857,1,0,0,Use of Force,2,2839029.1973249624,0,7,-1.5
Chilean Occupation of Magellan Straits (19431855),1843,1,0,0,Use of Force,2,1892196.6219434561,239,2,-5
Chilean Seizure of Argentine Ship (1878),1878,0,0,0,Use of Force,2,4365647.927556273,974,15,0
Argentine Occupation of Patagonia (1879),1879,0,0,0,Use of Force,2,4460935.283649888,896,13,0
The War of the Pacific of 1879–1883,1878,5,10897,14731,War,3,7888990.196572689,430,15,-1.25
The Ecuadorian-Colombian War of 1863,1863,0,180,560,War,2,3259663.6474573426,0,4,-3
Colombia-Ecuador Border Clash Over Rebels (1862),1862,0,52,200,Use of Force,2,3208512.45715615,0,1,-3
NA,1857,0,0,0,Use of Force,2,3047989.7849468742,0,1,0.5
The La Plata War of 1851–1852,1851,1,1057,1462,War,2,8078947.695633785,0,25,-5.5
"Haitian Seizure of the American Vessel, Haytian Republic (1888)",1888,0,0,0,Use of Force,2,60031493.722565494,12647,46,3.5
The First Central American War of 1876,1876,0,1226,2260,War,2,1084323.7529316468,164,4,-3
First Totoposte War (1890),1890,0,306,700,Use of Force,2,1371613.8149985499,586,5,0.5
The Second Central American War of 1885,1885,0,975,1125,War,4,66997791.36475972,11590,64,0.5
Mexican-American Border Conflict over Changing Rio Grande (1893),1893,0,0,0,Use of Force,2,77054746.84300426,19575,77,0.5
Mexican-American Border Tension (1876-1878),1876,2,0,0,Use of Force,2,54189752.20112997,12928,63,2
Mexican-American Border Tensions (1875),1875,0,2,20,Use of Force,2,53176470.98636879,13905,60,2.5
NA,1860,0,16,16,Use of Force,2,38975239.60671249,7060,54,2.5
The Mexican-American War of 1846–1848,1843,5,9620,14140,War,2,25560529.206996467,1364,41,3
NA,1836,1,0,0,Use of Force,2,21866109.082777783,2571,42,3
NA,1839,0,0,0,Use of Force,2,23317657.66921173,2012,44,3
The Spanish-American War of 1898,1898,0,4501,4796,War,2,89200977.64202291,65950,389,7
Fallout from the Ostend Manifesto (1855),1855,0,0,0,Use of Force,2,41487521.96420244,9776,118,1.5
"Spanish Seizure of the American Ship, Black Warrior (1854)",1854,0,0,0,Use of Force,2,40645272.43271353,9591,124,1.5
NA,1850,0,0,0,Use of Force,2,37007769.15215812,8233,138,3.5
Andrew Jackson Raids During Seminole War (1818),1818,0,2,40,Use of Force,2,20407228.61684712,6591,140,0
The Greco-Turkish War of 1897,1896,1,1850,2150,War,2,25983310.27763738,6918,286,0
NA,1882,0,2,20,Use of Force,2,22974236.60143411,662,273,0
Greek Moves on the Ottomans at the End of Russo-Turkish War (1878),1878,0,0,0,Use of Force,2,22264254.11380966,498,349,-0.5
Ottoman Fighting Following Greek Independence (1829),1829,0,252,525,Use of Force,2,22885182.693476394,0,134,-7.5
The First Spanish-Moroccan War of 1859–1860,1859,1,4750,6500,War,2,18329134.018459316,4405,134,-6
First Melillan Campaign (1893-1894),1893,1,202,306,Use of Force,2,20767695.171679962,6193,143,-0.5
NA,1850,0,0,0,Use of Force,2,7240446.8023804845,0,28,-7.5
NA,1862,0,0,0,Use of Force,2,8712487.210714346,0,33,-7.5
The Lopez War of 1864–1870,1864,6,58392,83313,War,3,10363823.373765782,2977,64,-6
NA,1858,1,0,0,Use of Force,2,2974434.499637516,0,12,-1
NA,1893,1,0,0,Use of Force,2,4508610.3061742745,570,9,0.5
Peruvian Occupation of Tarapaca (1899-1900),1899,1,0,0,Use of Force,2,7166955.264506118,841,4,-0.5
NA,1887,1,0,0,Use of Force,2,1973850.509521949,0,2,-1
NA,1970,0,0,0,Use of Force,2,41900382.61804229,358500,260,-2.5
NA,1965,0,1,1,Use of Force,2,29547644.279644843,565448,225,2.5
Beagle Channel Conflict (1967),1967,1,0,0,Use of Force,2,30590312.397083923,482063,230,-1.5
NA,1968,0,7,19,Use of Force,2,39688823.71988179,216210,251,-5.5
NA,1972,1,2,2,Use of Force,3,17250682.26302625,1950887,194,-8.333333333333334
NA,1975,0,2,2,Use of Force,2,11928371.382679742,2246999,180,-7.5
NA,1836,1,0,0,Use of Force,2,26307231.291606963,7721,146,0
Anglo-French Blockade of Venezuela (1858),1858,0,0,0,Use of Force,3,64334470.63102378,39498,729,-3.3333333333333335
NA,1859,0,0,0,Use of Force,2,28093755.985390242,24324,323,-3
NA,1872,0,0,0,Use of Force,2,40016169.27656228,13570,431,-3.5
British Guiana-Venezuelan Border Dispute (1886-1887),1886,1,0,0,Use of Force,2,37279734.14583875,29412,268,1.5
British Occupation of Trinidade Island (1895),1895,0,0,0,Use of Force,2,53496525.56632809,35743,341,2
NA,1895,0,85,85,Use of Force,2,52852837.12149485,35936,618,2
Amapa Question (1895-1896),1895,1,51,85,Use of Force,2,52852837.12149485,35936,618,2
NA,1897,0,0,0,Use of Force,2,52204770.906325236,39487,611,-1
British Seizure of Swedish Ships (1917),1917,0,0,0,Use of Force,2,49787649.81704446,7646380,4530,9
German Attacks on Dutch Shipping (1914-1918),1915,3,0,0,Use of Force,2,70207526.88578108,5024145,3856,0
Soviet Blockade of the Amur River (1922-1923),1922,1,0,0,Use of Force,2,593413270.582758,1646534,5166,-3
Italian Occupation and Fortification in Wel Wel (1923-1924),1923,1,0,0,Use of Force,2,47047241.791445166,186033,411,0.5
Franco-Italian Tensions Following Failed Assassination Attempt (1926),1926,1,0,0,Use of Force,2,77268760.43185791,455779,788,1
"Chinese Seizure of the Soviet Ship, Pamiat Lenina (1927)",1927,0,0,0,Use of Force,2,608474384.7488122,2108766,2262,-6.5
NA,1933,1,0,0,Use of Force,2,126543754.05658397,578294,257,6.5
Britain Pressed Claims on Haiti (1883),1883,0,0,0,Use of Force,2,35517872.7633038,24654,246,2
NA,1939,0,0,0,Use of Force,2,30959857.10726858,973595,290,-3
NA,1944,0,0,0,Use of Force,2,82767131.5801633,51169638,6128,-9
"Conflicting Argentine, Chilean, and British Interests in the Antarctic (1947-1948)",1947,1,0,0,Use of Force,3,68749556.45031384,7009229,1399,1
NA,1952,0,0,0,Use of Force,2,185526239.15517524,22245235,5800,0.5
Soviet-Tito Rift (1952),1952,0,0,0,Use of Force,6,239356741.37750754,24067810,7047,-7.333333333333333
NA,1958,0,3,3,Use of Force,2,1016889336.1604589,6480443,3672,0.5
NA,1960,0,1,1,Use of Force,2,645689278.1621372,6826222,3884,0
France Fighting Algerian Rebels in Tunisia (1960),1960,0,1,25,Use of Force,2,48476858.84004621,3914619,1041,-2
NA,1966,0,0,0,Use of Force,2,710100045.1033733,16704079,2720,0.5
NA,1967,0,30,88,Use of Force,2,1205152941.5894086,17647819,4130,0
Russo-Finnish ``Kinship Wars'' (1919-1920),1918,2,376,743,Use of Force,2,154821512.5942514,258741,0,3.5
Italian Occupation of Rhodes (1924),1924,0,0,0,Use of Force,2,50566914.98206322,192983,509,-5
NA,1888,0,0,0,Use of Force,2,25084159.959203187,8364,246,0
NA,1842,0,0,0,Use of Force,2,32263722.006251927,13194,206,-1.5
NA,1833,0,0,0,Use of Force,2,33432754.570134394,14117,302,0.5
British Blockade of Brazil---the Christie Question (1862),1862,1,0,0,Use of Force,2,36885311.22399177,23575,323,-1.5
NA,1880,0,0,0,Use of Force,2,36010931.154768795,22232,257,4
Portuguese-German Fighting in Africa (1914-1915),1914,1,108,132,Use of Force,2,69482603.99166918,1789978,898,4.5
German Attacks on Swedish Shipping (1915-1918),1915,3,0,0,Use of Force,2,69499040.68906748,5036792,3903,5
Shandong and Kiaochow Bay (1918-1919),1918,1,0,0,Use of Force,2,495552494.2248687,492188,1960,-2
Vlora War (1920),1920,0,352,750,Use of Force,2,36745250.699969076,307112,844,-0.5
Fighting Over the River Island of Urta Tagail (1925-1926),1925,1,2,50,Use of Force,2,148779787.7132635,1447885,638,-6.5
Nazi Pressure on Switzerland (1940),1940,0,0,0,Use of Force,2,76881188.86499669,21248633,3950,0.5
Japanese Invasion of Thailand (1941),1941,1,295,570,War,2,84999309.27724001,2951773,3075,1
German Attacks on Colombian Shipping (1942-1944),1942,2,0,0,Use of Force,2,84729573.32205515,36909142,7028,-2
French Fighting Siamese Forces for Former Colonial Possessions (1946),1946,0,102,275,Use of Force,2,54993257.50772474,1264330,622,3.5
The Arab-Israeli War of 1948–1949,1948,1,1819,4189,War,6,29890653.87592745,121931,199,0.6666666666666666
NA,1960,0,1,1,Use of Force,2,631767955.1613014,6730419,3254,-9
American Reactions to Second French Expedition in Mexico (1865-1866),1865,1,0,0,Use of Force,2,70638243.0781339,54315,1542,1
NA,1968,1,0,0,Use of Force,2,237591625.7470408,62668256,4135,-7
NA,1975,0,0,0,Use of Force,2,23501837.30257794,137613,34,-7
NA,1937,0,1,1,Use of Force,2,193067326.69414032,1975316,705,5.5
West New Guinea Dispute (1953),1953,0,2,50,Use of Force,2,91814939.91729142,682873,303,5
Burmese Bombing of Kuomintang (1953),1953,0,20,100,Use of Force,2,26694489.424354635,210363,614,0
NA,1950,0,0,0,Use of Force,2,156368510.3443157,14640259,1760,1
NA,1950,0,0,0,Use of Force,2,591994692.4554049,4934154,4689,1
Brazilian Occupation of Pirara (1838),1838,0,0,0,Use of Force,2,30866021.010219663,9799,170,-1.5
NA,1953,0,0,0,Use of Force,2,39508431.90138866,122071,59,1
NA,1948,0,1,1,Use of Force,2,57129798.12157431,932284,621,3.5
NA,1953,1,0,0,Use of Force,2,39508431.90138866,122071,59,1
NA,1957,0,0,0,Use of Force,2,415535856.3187212,633311,489,8.5
NA,1960,0,0,0,Use of Force,2,28199745.39734824,86438,126,-4
NA,1964,0,0,0,Use of Force,2,31819036.61558392,99798,176,-3.5
NA,1955,0,1,25,Use of Force,2,741346703.0661192,43093000,5935,1
NA,1954,0,0,0,Use of Force,2,728121843.2188418,45324205,6380,1
NA,1953,0,16,16,Use of Force,3,894900342.622185,77686845,12407,-1.6666666666666667
NA,1911,0,0,0,Use of Force,2,7371408.385940828,4099,33,-1
NA,1932,1,0,0,Use of Force,3,46774253.16387626,65209,90,-0.3333333333333333
NA,1979,3,34,73,Use of Force,3,357399766.5724876,181662694,4578,-7
Afghan-Pakistani Border Fighting During the Soviet occupation of Afghanistan (1983-1987),1983,4,27,115,Use of Force,3,363997712.4273197,266168210,4425,-7
NA,1965,0,0,0,Use of Force,2,27880555.362484273,38686,72,-1
NA,1966,0,1,1,Use of Force,2,28194848.79456718,47016,55,-1
The Second Ogaden War Phase 2 of 1977–1978,1977,2,5454,10650,War,4,295693384.13705516,149937036,4378,-7
More Conflict in the Ogaden (1980-1981),1980,1,2064,2639,Use of Force,2,39892338.77453088,479936,304,-7
Ethiopian-Somali Border War (1982),1982,2,860,1461,Use of Force,2,42045905.17033425,580591,294,-7
Ethiopian Raids Against Rebels over the Ogaden (1984-1985),1984,1,114,354,Use of Force,2,45371840.72310203,678819,233,-7.5
NA,1985,0,70,70,Use of Force,2,47243981.13062915,581080,283,-7.5
NA,1964,0,0,0,Use of Force,2,29051029.941733297,459885,225,2.5
NA,1980,2,0,0,Use of Force,2,37596598.19385016,4516456,271,-8
Beagle Channel (1984),1984,0,0,0,Use of Force,2,40081035.4476639,3904345,297,1
NA,1954,0,0,0,Use of Force,2,943060123.925738,2951166,3459,0.5
NA,1955,1,0,0,Use of Force,2,961332120.3865883,2976830,3391,0.5
NA,1986,1,0,0,Use of Force,2,1777684639.5847824,13800000,5290,0.5
NA,1965,1,2,2,Use of Force,2,31752900.152395383,503276,295,-7.5
NA,1966,0,0,0,Use of Force,2,32760596.81867015,549799,300,-7.5
NA,1970,0,0,0,Use of Force,2,36839786.19824793,986783,340,-8.5
NA,1972,0,4,32,Use of Force,2,38874967.33429924,1547385,370,-8.5
NA,1973,0,6,6,Use of Force,2,40280084.428971335,2472765,390,-8.5
Iran-Iraq Conflict over the Shatt-al-Arab (1973-1975),1973,2,83,296,Use of Force,2,40280084.428971335,2472765,390,-8.5
The Iran-Iraq War of 1980–1988,1979,9,369256,615610,War,2,48868208.954809174,8138175,859,-4.5
Commodore Jones Mistakenly Captures Monterey (1842),1842,0,0,0,Use of Force,2,24986967.00181049,3011,43,3
NA,1984,0,1,1,Use of Force,2,26704833.503778405,1596119,174,7.5
Paquisha Incident (1981),1981,0,1,1,Use of Force,2,24880702.744739912,1135550,191,8
NA,1977,1,0,0,Use of Force,2,22446797.10137119,878627,155,-6
NA,1953,0,0,0,Use of Force,2,11479943.930164218,47973,48,0
NA,1943,0,0,0,Use of Force,2,9214479.971442897,15463,32,0.5
NA,1911,0,1,25,Use of Force,2,5463991.552064687,0,11,-0.5
NA,1927,0,1,1,Use of Force,2,3009982.0283885347,5138,11,-0.5
Bolivian-Paraguayan Border Tensions (1930),1930,0,2,2,Use of Force,2,3142269.1232001595,4672,11,-0.5
NA,1972,0,0,0,Use of Force,2,16216239.446765624,370610,55,-7
NA,1977,0,0,0,Use of Force,2,27603883.720426865,272436,54,-6.5
The Ugandan-Tanzanian War of 1978–1979,1978,1,804,1807,War,5,60077887.49925843,4458267,243,-7.2
NA,1977,0,0,0,Use of Force,2,49567707.28534424,333139,275,-7
Shaba I [Katangan Rebellion] (1977),1977,0,34,320,Use of Force,7,108598881.92238109,6396198,765,-7.285714285714286
NA,1980,0,6,6,Use of Force,2,17158602.62151495,19601217,115,-8
NA,1966,1,3,3,Use of Force,2,58050228.738684826,6044499,433,3.5
NA,1963,0,1,1,Use of Force,2,56655221.49345785,5249560,458,5
NA,1982,2,0,0,Use of Force,3,281626268.81794363,222591812,3156,4.333333333333333
NA,1986,0,0,0,Use of Force,2,49834285.92212365,1946920,873,8.5
NA,1986,1,3,3,Use of Force,2,58866357.6340998,3540000,1062,8.5
NA,1956,0,14,14,Use of Force,2,66952425.49145937,170644,233,-1
Mexican-American Border Tensions (1918),1918,0,1,25,Use of Force,2,114441693.71469599,7074226,2952,4.5
American Intervention in the Battle of Juarez (1919-1920),1919,1,0,0,Use of Force,2,116351379.40411194,11288322,1310,4.5
Border Fighting on the Korean Peninsula (1949),1949,0,461,735,Use of Force,2,28119480.129025694,12245,129,-5
NA,1958,3,23,41,Use of Force,3,549471391.7896348,139816433,8055,3.6
NA,1974,0,5,5,Use of Force,2,47826407.8317204,1251483,1104,-8.5
Low-Intensity Conflict on the Korean Peninsula (1977-1978),1977,1,8,8,Use of Force,3,264694725.22549745,103429401,3180,-2.3333333333333335
NA,1979,1,16,40,Use of Force,3,710653891.5372906,392510318,7446,2.6
NA,1981,1,1,1,Use of Force,2,53702662.3868091,5966010,1374,-7
NA,1983,0,11,11,Use of Force,3,282757680.9321448,223520858,3587,-1.3333333333333333
NA,1984,1,5,5,Use of Force,3,285541108.04905444,246746500,3608,-1.3333333333333333
NA,1986,0,0,0,Use of Force,2,57529858.07261283,8980000,1442,-7
Japanese Occupation of Ryukyu Islands (1875),1875,0,0,0,Use of Force,2,380226554.2990713,1957,1041,-2.5
Japanese Annexation of Ryukyu Islands (1979),1879,0,0,0,Use of Force,2,385970873.7972611,1670,1044,-2.5
NA,1916,1,2,50,Use of Force,2,488584136.68800527,210628,1500,-2
NA,1926,0,1,1,Use of Force,8,959403210.3791486,3661221,4054,2.125
NA,1927,0,0,0,Use of Force,2,519401766.8657227,297492,1974,-2
NA,1936,0,4,40,Use of Force,2,558499906.1393441,428063,2116,-2
NA,1958,0,17,17,Use of Force,2,368359696.8838624,75744944,6311,1.5
NA,1964,0,3,3,Use of Force,2,407100424.38720465,98213008,5797,1.5
NA,1970,0,0,0,Use of Force,2,433806333.2685972,155027008,7370,0.5
NA,1979,0,0,0,Use of Force,2,471460497.96776617,302279000,5933,1.5
Able Archer (1983),1983,1,0,0,Use of Force,4,569541900.1827264,495815817,6803,1.5
NA,1985,0,1,1,Use of Force,4,568686125.8698888,552335000,6720,1
NA,1970,0,0,0,Use of Force,2,11257460.930132262,201222,49,5
NA,1954,2,15,29,Use of Force,3,351240739.69512373,84617805,7018,2.25
Somali and Somali National Movement Attack on Ethiopia (1987),1987,0,281,530,Use of Force,2,50411179.07090345,503203,350,-7.5
NA,1893,0,2,50,Use of Force,2,74899165.39844334,65741,904,7
German Occupation of Czechoslovakia (1939),1939,0,0,0,Use of Force,2,84511193.88098682,12268742,2913,-4.5
NA,1937,0,0,0,Use of Force,2,87471435.33875123,2481106,816,0.5
NA,1929,1,4,4,Use of Force,2,32434564.238441918,54615,60,-3
NA,1906,0,0,0,Use of Force,2,5382461.84377452,682,6,2
NA,1982,0,0,0,Use of Force,2,42401678.344875515,1562566,126,8.5
NA,1979,0,1,1,Use of Force,2,6145391.842593903,75000,20,-0.5
NA,1949,0,1,1,Use of Force,2,16683349.783942727,490220,310,-8
NA,1976,0,0,0,Use of Force,2,216134263.53034317,94561631,2247,9.5
NA,1901,0,0,0,Use of Force,2,77644764.8707264,36493,121,3.5
NA,1948,1,2,2,Use of Force,2,1723095.6319689224,3051,4,1
NA,1902,0,2,200,Use of Force,2,6428450.97942955,512,10,-1.5
NA,1962,0,5,5,Use of Force,2,3615813.6971238386,14796,11,-4.5
NA,1978,0,3,3,Use of Force,2,4806763.177165993,65054,11,1
NA,1981,4,3,3,Use of Force,3,230299631.4916376,170125000,2157,3
NA,1982,1,0,0,Use of Force,2,76134652.89903371,1108118,160,-5
NA,1984,0,0,0,Use of Force,2,5735976.138931099,645111,75,4.5
NA,1985,1,0,0,Use of Force,3,241904969.17567787,266253580,2364,4.666666666666667
Yemenite War of 1979,1978,1,451,1300,Use of Force,2,8822478.165287444,243750,60,-7
NA,1965,0,0,0,Use of Force,3,39364296.247879386,552644,256,-5.666666666666667
Great Power Intervention into Greece (1854),1854,0,0,0,Use of Force,4,86520996.79024336,106914,844,-4.75
The Schnaebele Affair (1887),1887,0,0,0,Use of Force,2,82544188.12715875,65397,1022,1.5
NA,1946,1,0,0,Use of Force,2,8278793.786144256,107568,180,-0.5
NA,1952,0,1,1,Use of Force,2,17544516.54241766,627792,428,-8
NA,1975,0,0,0,Use of Force,2,51524210.98272383,2208152,450,-6
NA,1985,0,2,2,Use of Force,2,5910948.742293786,731300,82,4.5
NA,1985,0,0,0,Use of Force,2,1049633487.8392799,10900000,4700,-6
NA,1985,0,0,0,Use of Force,3,311056595.9684483,266652000,2949,4.333333333333333
NA,1985,0,0,0,Use of Force,2,10980903.813238587,4641537,233,-1
NA,1986,0,0,0,Use of Force,2,39757766.96511585,2409164,107,-2.5
NA,1986,0,0,0,Use of Force,2,812228.6065196942,134840,13,-10
NA,1986,0,0,0,Use of Force,2,6082739.498293344,466990,83,4.5
NA,1986,0,0,0,Use of Force,2,34059264.20283669,2362590,94,5
NA,1985,1,19,115,Use of Force,2,14675093.653290983,61884,17,-7
NA,1986,0,0,0,Use of Force,2,102694899.17543729,33244000,676,2
NA,1986,0,0,0,Use of Force,2,33628700.60184999,2348000,93,-3
NA,1978,0,8,8,Use of Force,2,287230819.5112052,172137992,4250,-8.5
Lithuanian Independence (1920),1918,2,958,1768,War,3,178911741.61851197,265282,342,3.6666666666666665
The Latvian War of Liberation of 1918–1920,1918,2,2320,4705,War,8,380362590.40525043,1820673,4922,6.571428571428571
The Estonian War of Liberation of 1918–1920,1918,2,10537,14630,War,4,199825750.55154487,8374188,4276,5.666666666666667
NA,1960,0,6,6,Use of Force,3,25585238.224283617,35003,46,-5.666666666666667
NA,1971,0,0,0,Use of Force,2,4686647.3106068075,16490,7,0.5
NA,1971,0,0,0,Use of Force,2,24810479.9444982,151400,58,-4.5
NA,1971,0,0,0,Use of Force,2,23196935.05599241,161802,49,-7
NA,1952,0,0,0,Use of Force,2,415785187.07293516,673406,588,7
NA,1956,0,11,11,Use of Force,2,448801528.8128241,609112,590,8.5
NA,1963,0,0,0,Use of Force,2,517907592.67233324,1745234,1353,5
NA,1966,0,0,0,Use of Force,2,555915108.8867584,2481722,1700,5
NA,1969,0,0,0,Use of Force,2,592314258.2460699,1964155,1900,5
NA,1969,0,0,0,Use of Force,2,592314258.2460699,1964155,1900,5
NA,1972,0,50,150,Use of Force,2,612385184.857132,2590581,1940,6.5
NA,1981,0,6,6,Use of Force,2,756204408.1676679,6670878,1664,0.5
NA,1983,1,1,1,Use of Force,2,789808859.2431271,7554111,1583,0.5
NA,1984,1,20,20,Use of Force,2,806746074.5926912,8863923,1599,0.5
NA,1986,1,5,5,Use of Force,2,843863082.6012158,10240000,1743,2
NA,1916,0,0,0,Use of Force,2,40274148.94281449,4616748,5297,8
China's Grab to Retake German Concessions at End of World War I (1917),1917,0,0,0,Use of Force,2,503276114.3881546,7150000,6280,-1.5
NA,1919,0,0,0,Use of Force,2,596647007.9040424,1632210,2930,-3
NA,1946,0,0,0,Use of Force,2,691663589.482322,9554024,6658,-7
NA,1974,0,6,30,Use of Force,2,1096116882.7207198,135800000,8400,-7.5
NA,1977,0,0,0,Use of Force,2,1148596794.3740177,181700000,8200,-7
NA,1978,0,0,0,Use of Force,2,1169365542.9907787,198000000,8400,-7
NA,1979,1,3,3,Use of Force,2,1174973860.3230073,210000000,8500,-7
NA,1980,0,1,1,Use of Force,2,1196141403.3258786,229500000,8550,-7
NA,1986,0,1,1,Use of Force,2,1293854643.420905,293430000,7930,-7
NA,1871,1,0,0,Use of Force,2,116069538.55651851,23070,782,-4.5
NA,1936,0,5,5,Use of Force,2,229131136.43022057,3213442,1716,-4
NA,1962,1,1,1,Use of Force,2,19978402.1153024,392257,470,-6
NA,1960,0,0,0,Use of Force,2,19001129.817035783,251343,195,-6
NA,1959,0,0,0,Use of Force,2,18555775.011039596,193191,195,-6
NA,1987,0,0,0,Use of Force,2,6238613.382899456,214000,88,4.5
NA,1987,0,28,28,Use of Force,2,252498971.40079135,287956000,3180,0.5
NA,1987,0,1,10,Use of Force,2,286054671.1702925,282926000,2630,2
NA,1987,1,0,0,Use of Force,2,238810576.7423288,274070600,2292,1
NA,1986,1,0,0,Use of Force,2,244367971.2084001,266960000,2566,1.5
Occupation of Ouidah (1961),1961,0,0,0,Use of Force,2,10604651.592813399,172670,75,-3.5
NA,1988,0,0,0,Use of Force,2,73706090.5088158,2469550,261,6
Chinese-Vietnamese Conflict over the Spratlys (1988),1988,0,2,50,Use of Force,2,1122267709.8554995,8400000,5030,-7
NA,1988,0,0,0,Use of Force,2,35728135.51959041,3448100,104,5.5
NA,1988,0,1,1,Use of Force,2,51758685.69852501,1824830,860,8.5
NA,1988,0,0,0,Use of Force,2,48742369.499138355,887510,149,8.5
NA,1988,0,0,0,Use of Force,2,5021227.677053201,122000,19,1
NA,1988,0,0,0,Use of Force,2,8060146.800425104,266000,93,2
NA,1988,0,0,0,Use of Force,2,255278897.3340922,294805000,3250,0.5
NA,1989,0,0,0,Use of Force,2,244773659.3382181,296390000,2326,1.5
Thai-Laotian Border War (1987-1988),1987,1,134,325,Use of Force,2,54902608.50307246,1740000,312,-2.5
NA,1987,0,7,7,Use of Force,2,864174689.8512349,9976000,1362,1.5
NA,1987,0,0,0,Use of Force,2,1105377029.8116963,5640000,4790,-7
NA,1987,0,0,0,Use of Force,2,1063610788.0322121,11550000,3954,-4
NA,1987,0,10,10,Use of Force,2,3749422.640001731,1717000,67,-8.5
NA,1987,0,0,0,Use of Force,2,26445900.17294484,17940000,1300,-9
NA,1987,1,3,3,Use of Force,2,51275347.142704435,10360000,370,-8
NA,1987,1,1,1,Use of Force,2,99550108.6972495,10980000,1229,0.5
NA,1987,0,0,0,Use of Force,2,46088286.970149055,3396090,167,-1.5
NA,1987,0,0,0,Use of Force,2,66357812.65193873,949790,359,-0.5
NA,1987,0,4,4,Use of Force,2,35683972.038761765,333660,46,-7
NA,1987,0,1,1,Use of Force,2,46872888.579601966,177180,78,-8
NA,1987,0,2,6,Use of Force,2,33959958.90945364,146770,67,-8.5
NA,1987,0,0,0,Use of Force,2,98256934.43750466,355420,153,-7.5
NA,1987,0,0,0,Use of Force,3,41900473.41101458,3388274,123,0.6666666666666666
NA,1987,0,0,0,Use of Force,2,101685938.53462762,34190000,936,2
NA,1987,0,0,0,Use of Force,2,104545356.73484227,22320000,854,2
NA,1987,1,0,0,Use of Force,2,103942373.2810749,38540000,909,1.5
NA,1958,0,0,0,Use of Force,2,186953006.22155145,45968308,2510,1
NA,1958,0,0,0,Use of Force,2,25545648.521260552,831393,205,1
NA,1957,1,0,0,Use of Force,2,168499716.2444203,44585541,2829,0.5
NA,1958,1,0,0,Use of Force,2,50386413.41809584,4469098,614,10
NA,1959,0,0,0,Use of Force,2,475537467.6186578,748134,758,1
NA,1959,0,0,0,Use of Force,2,177236904.54549423,46839627,2328,10
British-Icelandic Fishing Rights Conflict (1960),1960,0,0,0,Use of Force,2,50948560.675821856,4633255,519,10
NA,1966,0,2,20,Use of Force,2,710635844.4519527,16185804,3144,-8.5
NA,1963,0,2,2,Use of Force,2,239397524.89721385,47191010,3310,-8.5
NA,1963,0,1,1,Use of Force,2,75301243.18766703,6250481,726,1.5
NA,1965,0,0,0,Use of Force,2,201803288.45780113,52177008,3038,1
NA,1966,0,0,0,Use of Force,2,156134135.13922662,6124329,771,2
NA,1968,0,0,0,Use of Force,2,425674744.04007113,143354000,7650,0.5
NA,1965,3,4,28,Use of Force,2,873274924.2038904,65614588,5060,1
NA,1967,0,1,1,Use of Force,2,729405868.9149084,16663554,3257,-8.5
NA,1969,0,0,0,Use of Force,2,40749056.72877798,232283,260,-3.5
NA,1971,0,0,0,Use of Force,2,81736347.2107648,10274792,707,0.5
NA,1973,0,0,0,Use of Force,2,209258645.39481795,78755370,2226,0.5
NA,1976,0,0,0,Use of Force,2,34271882.178950004,7796396,441,-8.5
NA,1981,1,0,0,Use of Force,2,240644040.79133978,171569008,2869,0.5
Sweden Traps a Soviet Submarine (1982),1982,0,0,0,Use of Force,2,267447055.13890126,240191452,3970,1.5
NA,1982,0,0,0,Use of Force,2,1021362738.8514086,33000000,5350,-7
NA,1982,0,0,0,Use of Force,2,228394475.92916355,196594000,2209,2.5
NA,1953,0,7,7,Use of Force,2,605287023.8331264,7120950,3917,1
NA,1953,0,0,0,Use of Force,2,56862339.08291789,4728376,1465,1
NA,1952,0,0,0,Use of Force,2,599249061.2518194,7049931,3898,1
NA,1934,0,0,0,Use of Force,2,225259507.5614608,3757600,1339,-4
NA,1959,0,0,0,Use of Force,2,31750073.461463194,368286,214,-6
NA,1959,0,0,0,Use of Force,2,26339914.985859253,324321,203,-8
NA,1979,0,0,0,Use of Force,2,51185164.379656315,619421,315,-7
NA,1978,1,2,2,Use of Force,2,46390732.025231265,807471,297,-2.5
NA,1978,1,0,0,Use of Force,2,7323815.9094015695,268039,25,5
The Sino-Vietnamese Punitive War of 1979,1978,1,7652,24381,War,3,1219457478.990845,215000000,9060,-7
NA,1978,0,0,0,Use of Force,2,53326979.8833576,3527259,460,-6.5
NA,1978,0,0,0,Use of Force,2,31775213.870926093,45455,100,-8
NA,1977,0,0,0,Use of Force,2,4648132.6748104785,59711,11,1
NA,1978,0,15,15,Use of Force,2,7323815.9094015695,268039,25,5
Iran Hostage Crisis (1979),1979,2,0,0,Use of Force,2,254868736.2416086,127741930,2448,5
NA,1979,0,60,135,Use of Force,2,36536353.01080595,1655768,186,-8.5
NA,1979,0,0,0,Use of Force,2,51261114.870675266,5520930,504,0
NA,1979,0,0,0,Use of Force,2,925033378.9438734,30037875,4646,-7
NA,1984,0,11,11,Use of Force,2,83800889.13185155,1995223,416,-3
NA,1984,0,0,0,Use of Force,2,32376969.25733468,2656556,100,5
NA,1984,1,0,0,Use of Force,2,734211722.4534945,7009037,1137,6.5
NA,1984,0,0,0,Use of Force,2,57083908.72764056,25437036,661,0.5
NA,1984,0,2,2,Use of Force,2,41810092.075202845,1526111,319,-8.5
NA,1984,1,2,2,Use of Force,3,71282584.02705522,37151942,1130,-1.6666666666666667
NA,1984,0,0,0,Use of Force,2,56430013.9842667,42836696,415,-8
NA,1984,0,0,0,Use of Force,2,158492704.1900949,2452876,284,-1.5
NA,1984,0,0,0,Use of Force,5,338106716.58503157,246824948,3033,-3.6
NA,1983,1,2,50,Use of Force,2,13455477.404887663,22092551,105,-9
NA,1983,1,14,28,Use of Force,2,791546421.4550146,5860794,1181,0.5
Invasion of Grenada (1983),1983,0,62,93,Use of Force,9,239769729.4748294,218588240,2456,4.333333333333333
NA,1984,0,0,0,Use of Force,2,35542328.02735576,350418,76,-9
United States Intervention in Lebanon (1983),1983,1,19,19,Use of Force,2,236635547.18489978,220019334,2601,0.5
Chadian-Nigerian ``War'' Over Islands on Lake Chad (1983),1983,0,82,182,Use of Force,2,82590524.71916673,1503506,148,3.5
NA,1983,0,0,0,Use of Force,2,266046766.54749522,251844320,3941,1.5
NA,1983,0,6,6,Use of Force,2,42658050.93523778,3666760,109,-2
NA,1982,1,1,25,Use of Force,2,31002930.038605403,2685998,80,-1.5
NA,1983,0,0,0,Use of Force,2,82497639.56990919,1886304,412,-3
NA,1982,0,0,0,Use of Force,2,13831621.83860888,232850,15,-7
NA,1982,0,1,25,Use of Force,2,49974545.64049063,1542992,296,-2.5
NA,1982,0,0,0,Use of Force,2,15995760.756670486,1165338,63,1
NA,1982,0,4,4,Use of Force,2,33730026.80470202,333500,56,-9
NA,1981,0,0,0,Use of Force,2,265355876.4225805,223904513,3970,1.5
NA,1981,0,4,40,Use of Force,2,759329240.0644841,5175545,1181,2
NA,1981,0,2,2,Use of Force,2,83213634.1155419,2815664,1001,-4.5
NA,1981,0,2,2,Use of Force,2,21827365.912737004,868253,142,-7
NA,1981,0,0,0,Use of Force,2,226643328.29441592,170445244,2156,1.5
Israeli attack on Iraqi nuclear plant (1981),1981,0,10,10,Use of Force,3,69762369.94679035,37641067,1168,1.6666666666666667
Sino-Vietnamese Border Fighting (1981),1981,0,303,501,Use of Force,2,1012690602.8904347,30500000,5750,-7
NA,1981,0,5,5,Use of Force,2,81270990.48055342,970580,158,-0.5
NA,1982,0,0,0,Use of Force,2,11512902.94075001,3067375,368,-9.5
NA,1980,0,0,0,Use of Force,2,39188427.07365641,4720961,317,-6
NA,1980,0,0,0,Use of Force,2,740826909.2556698,4723541,1175,2
NA,1980,1,2,2,Use of Force,2,31757882.09828509,319116,41,-9
NA,1980,0,1,1,Use of Force,2,48349166.90990465,1117779,289,-2.5
NA,1980,0,0,0,Use of Force,2,59678598.3295781,1974399,238,-2.5
NA,1980,0,0,0,Use of Force,2,20408733.308814,1199036,125,-7.5
NA,1977,0,88,334,Use of Force,2,40229836.76304024,5934244,380,-6.5
NA,1977,0,5,5,Use of Force,2,31324896.957803644,1884627,87,-2.5
NA,1977,0,13,13,Use of Force,2,18955738.939279623,137771,66,-7
NA,1977,0,0,0,Use of Force,2,72434502.16580293,808229,438,-4
Rhodesian Bush War (1979),1977,2,119,266,Use of Force,3,28920592.662492245,538561,90,-3.6666666666666665
NA,1907,1,2,50,Use of Force,3,175398506.0165666,58887,1732,-5.333333333333333
The Franco-Turkish War of 1919–1921,1918,3,3801,5720,War,2,48683828.50599077,7756820,5677,8
NA,1831,0,3,3,Use of Force,2,34954226.06180659,18174,416,-2
French Intervention in Morocco (1911-1912),1911,0,0,0,Use of Force,2,43106133.621369354,55441,644,1
NA,1959,0,1,1,Use of Force,2,26339914.985859253,324321,203,-8
NA,1958,0,0,0,Use of Force,2,25677337.27180545,248431,153,-8
NA,1958,0,0,0,Use of Force,2,49807110.125653096,575118,567,-1.5
NA,1955,1,2,2,Use of Force,2,26656564.196260765,404144,450,5.5
NA,1934,0,0,0,Use of Force,2,55402985.065534405,752965,661,1.5
NA,1934,0,1,1,Use of Force,2,60526423.7611459,585412,521,1.5
NA,1960,0,0,0,Use of Force,2,26967783.67178785,344855,160,-8
NA,1962,0,0,0,Use of Force,2,241123461.43270108,50300307,3420,1
NA,1962,0,0,0,Use of Force,2,32493349.303734332,402048,474,3.5
NA,1963,0,3,3,Use of Force,2,6680470.042741059,109196,91,-2.5
Shooting Over a Stray Sheep Herd (1965),1965,0,2,2,Use of Force,2,35260452.20152761,518227,560,0.5
NA,1967,0,0,0,Use of Force,2,7713752.010120289,792805,125,-0.5
NA,1966,0,1,1,Use of Force,2,6601490.507448547,155532,130,-8
NA,1969,0,1,1,Use of Force,2,8099537.587691156,200810,94,-2.5
NA,1975,0,0,0,Use of Force,2,38548551.79772154,4890885,425,-7
NA,1976,0,0,0,Use of Force,2,61642333.66455042,12034434,577,0.5
NA,1923,0,0,0,Use of Force,3,34279578.96773124,32971,392,-1.6666666666666667
NA,1931,0,1,1,Use of Force,2,11941735.81869617,32776,82,3.5
NA,1928,0,1,1,Use of Force,2,11420801.770676529,30160,93,3.5
NA,1946,0,0,0,Use of Force,2,63042594.78600321,18054859,2212,1.5
NA,1946,0,5,5,Use of Force,2,153343213.6509302,45435227,3189,1.5
NA,1951,0,0,0,Use of Force,3,240802191.08123815,23417997,5949,0
NA,1951,0,0,0,Use of Force,2,192208707.36346495,20202215,5123,-5
NA,1952,0,0,0,Use of Force,2,28066523.80075752,358717,723,0
NA,1954,0,0,0,Use of Force,2,63136402.71350077,1411355,682,1.5
NA,1953,1,0,0,Use of Force,2,640205832.1268916,2975249,3175,1
NA,1955,0,0,0,Use of Force,2,600086733.1187114,2655684,3730,-6
NA,1974,0,21,21,Use of Force,2,870807789.8637059,27339000,5280,-5.5
NA,1974,0,0,0,Use of Force,2,28750288.871566597,1023228,61,-2.5
Israel and TransJordan Armistice (1949),1948,1,3,25,Use of Force,3,50490040.36984689,3188683,863,3.3333333333333335
NA,1959,2,3,3,Use of Force,2,2929042.2454930507,159253,111,0.5
Attack on Negro Fort (1816),1816,0,0,0,Use of Force,2,19739969.784244183,10335,142,0
Clashes During Sino-Russian Border Negotiations (1862-1863),1862,1,4,20,Use of Force,2,428255240.2622211,18259,1682,-8
Russian Occupation of Ili (1871-1872),1871,0,2,150,Use of Force,2,424012120.27981913,22409,1765,-8
NA,1891,1,0,0,Use of Force,2,494540679.6464679,34531,1871,-8
NA,1921,0,0,0,Use of Force,2,593181125.0560298,1337524,7004,-3
NA,1921,0,0,0,Use of Force,2,593181125.0560298,1337524,7004,-3
Soviet-Chinese Tensions over Xinjiang (1942-1943),1942,1,0,0,Use of Force,2,690528988.0446882,7385880,8064,-9
Ili Rebellion (1944),1944,1,300,600,Use of Force,2,691343183.2606137,8290145,10328,-9
NA,1947,0,0,0,Use of Force,3,696634866.9865594,11840485,6715,-7.666666666666667
NA,1919,0,0,0,Use of Force,2,81518394.17182794,229344,338,6
Albania during World War I,1915,1,0,0,Use of Force,3,53082442.22896582,2026523,3851,-4.333333333333333
NA,1960,0,52,200,Use of Force,2,35730998.68101118,208657,400,-5.5
NA,1926,0,0,0,Use of Force,2,50682340.80513453,216019,435,-3.5
Hungarian Annexation of Carpatho-Ukraine (1939),1939,0,85,125,Use of Force,2,22932130.659691185,326603,196,-0.5
NA,1950,1,8,17,Use of Force,4,25797158.187182616,175409,199,-1.5
NA,1951,1,3,3,Use of Force,2,22328052.676508706,137305,152,5.5
NA,1953,3,84,108,Use of Force,2,23610379.544670153,127482,160,1.5
NA,1952,2,16,184,Use of Force,2,23056992.136100173,120504,156,1.5
NA,1957,4,8,80,Use of Force,2,26054186.92824486,295774,165,1.5
NA,1963,0,0,0,Use of Force,2,30290977.115866113,400252,200,1.5
NA,1964,1,1,25,Use of Force,2,30859606.270247407,566467,225,1.5
NA,1973,1,5,125,Use of Force,3,39603262.7327391,6345676,532,-1.3333333333333333
NA,1949,1,2,200,Use of Force,2,20780522.170898132,193981,152,5.5
NA,1970,1,1,1,Use of Force,2,35587671.304830335,2100660,360,1
NA,1950,0,0,0,Use of Force,2,4552260.917215616,72226,110,6
NA,1951,0,1,1,Use of Force,2,4797481.725943858,74364,107,1.5
NA,1954,0,0,0,Use of Force,2,5305909.332787617,55623,100,8.5
NA,1954,1,0,0,Use of Force,2,5305909.332787617,55623,100,8.5
NA,1955,5,5,23,Use of Force,3,30222164.576472435,253825,207,3.3333333333333335
NA,1961,0,2,2,Use of Force,2,28829532.6824881,384950,278,1.5
NA,1950,1,9,27,Use of Force,2,4552260.917215616,72226,110,6
NA,1951,1,0,0,Use of Force,2,4797481.725943858,74364,107,1.5
NA,1953,5,61,61,Use of Force,2,5173326.652315762,61312,110,1.5
NA,1955,0,0,0,Use of Force,2,5480480.341879826,49919,100,8.5
NA,1958,5,4,52,Use of Force,3,31158101.904327273,371454,224,0.3333333333333333
NA,1960,0,0,0,Use of Force,2,27993236.085372254,417549,225,1.5
NA,1953,0,0,0,Use of Force,2,5173326.652315762,61312,110,1.5
NA,1959,1,0,0,Use of Force,2,27325173.16557109,371000,222,1.5
NA,1961,5,70,94,Use of Force,2,6609327.254036608,199626,115,4
Figthing over the Golan Heights (1973-1974),1973,1,8,56,Use of Force,2,9709380.81824928,3510126,245,0
NA,1974,3,3,21,Use of Force,2,9975658.103818813,3370502,312,0
NA,1979,1,3,23,Use of Force,2,11678836.604524475,6627065,401,0
NA,1985,1,1,25,Use of Force,2,13906142.224978935,7708000,597,-1.5
The War over Lebanon of 1982,1982,3,599,1782,War,3,37276746.39975801,17823248,1348,-3.5
NA,1967,0,0,0,Use of Force,2,8036870.256169345,587428,155,1
Fighting Over the Golan Heights (1968-1971),1968,3,175,452,Use of Force,2,8280786.134691499,723041,160,1
Israel and the Lebanese Civil War (1980-1981),1980,1,13,181,Use of Force,3,14678497.97220797,7635182,464,0
German and Italian Attacks on Brazilian Shipping (1942-1943),1942,1,0,0,Use of Force,3,204134274.89176828,37933735,12585,-6.25
NA,1984,2,5,53,Use of Force,3,110407105.17460002,3305223,1316,-4
Soviet Occupation of Bessarabia (1940),1940,0,0,0,Use of Force,2,195199668.875177,6145214,5015,-8
NA,1992,0,1,1,Use of Force,2,271027288.1390765,287674630,2032,3.5
Deterring Yugoslav involvement in the Bosnian Civil War (1992-1996),1992,2,0,0,Use of Force,15,874104900.1573064,620409000,7758,9.041666666666666
Allied Enforcement of Iraqi ``No Fly'' Zone (1992-1993),1992,1,9,81,Use of Force,7,543329218.6606969,442228000,4846,0.8571428571428571
Tensions Along the Albanian-Yugoslav Border (1992-1994),1992,2,2,2,Use of Force,2,14402779.678884448,1334700,202,0
Serbia and the War for Croatian Independence (1992),1992,0,134,501,Use of Force,2,15665816.515919799,1861000,240,-4
NA,1992,0,5,5,Use of Force,2,8501285.252223805,1411000,163,-1.5
The War of Bosnian Independence of 1992,1992,1,1387,4056,War,3,19718946.59656808,2711000,300,-2.6666666666666665
Russian Fighting in the Transnistria War (1992),1992,0,80,215,Use of Force,2,152007444.85627982,47670000,1909,5
Russo-Ukraine Fight over Control of the Black Sea Fleet (1992),1992,0,0,0,Use of Force,2,197567446.2550858,52520000,2338,5.5
NA,1992,0,0,0,Use of Force,2,149341502.92910033,47257300,1903,5.5
Russian-Georgian Fighting in bkhazia (1993),1992,1,17,129,Use of Force,2,152979048.24267143,48070000,1925,4.5
NA,1992,0,0,0,Use of Force,2,156186703.58974037,53420000,1970,7.5
The Azeri-Armenian War of 1993–1994,1992,2,4405,10434,War,5,269257813.379135,37975860,2777,2.6
NA,1992,0,0,0,Use of Force,2,74642634.51938708,4800000,935,-7.5
NA,1992,0,0,0,Use of Force,2,58524772.28192304,4400000,583,-7
NA,1992,2,53,201,Use of Force,5,381736313.55706805,389612000,3116,2.6
NA,1992,0,2,2,Use of Force,2,17189313.629068077,14490000,180,-10
NA,1992,0,3,3,Use of Force,2,61819942.99742691,16900000,1950,-1.5
NA,1992,0,0,0,Use of Force,2,21310429.0747399,5000000,184,1
NA,1992,0,32,95,Use of Force,2,94571088.02782339,3256150,569,1
NA,1978,0,10,10,Use of Force,2,39277398.85883292,3346081,457,2
NA,1983,0,46,92,Use of Force,2,1039427177.7887677,34500000,5129,-7
NA,1984,0,0,0,Use of Force,7,61420876.27368543,49434928,508,-8.857142857142858
NA,1985,0,0,0,Use of Force,2,85237682.38715887,1748253,421,-3
NA,1985,0,0,0,Use of Force,3,281954467.0685884,249297000,2801,-1
The Battle of Laoshan and Sino-Vietnames Border Conflict (1984-1985),1984,2,6576,19903,War,2,1047517526.7606624,25150000,5327,-7
NA,1985,1,0,0,Use of Force,4,295713662.8508779,298698000,2710,-3.5
NA,1986,0,0,0,Use of Force,2,844146409.7140023,8186750,1351,1.5
The Sino-Vietnamese Border War of 1987,1986,1,852,1670,Use of Force,2,1087178529.8217692,8236000,5290,-7
The Falklands War of 1982,1982,0,779,957,War,2,82329538.98185197,28316041,510,1
Fighting Over the Aouzou Strip (1977-1981),1977,2,356,1139,Use of Force,3,110345245.0086159,35139148,1204,0.5
NA,1980,1,0,0,Use of Force,3,112645550.78360046,53097406,1206,2.25
Libyan Invasion of Chad (1983),1983,1,565,1601,Use of Force,5,370501429.6436207,263480504,3464,1.6666666666666667
The War over the Aouzou Strip of 1986–1987,1986,1,5809,9882,War,3,62604927.05543926,25688660,671,-1.6666666666666667
NA,1986,0,1,1,Use of Force,2,237986050.32098654,266890000,2360,1.5
NA,1987,0,1,1,Use of Force,2,1105377029.8116963,5640000,4790,-7
NA,1903,0,0,0,Use of Force,2,538524415.7282605,57066,2160,-8
Soviet intervention in the Xinjiang War (1937),1937,1,0,0,Use of Force,2,656112028.9551306,3854113,3433,-9
NA,1940,0,0,0,Use of Force,2,49722869.151334785,10037667,1024,10
German Attacks on Norwegian Shipping (1939-1940),1939,1,0,0,Use of Force,2,73245800.62495254,12068421,2754,0.5
German Attacks on Danish Shipping and Invasion of Denmark (1940),1939,1,2,50,Use of Force,2,74069986.48552604,12029364,2762,0.5
NA,1940,0,0,0,Use of Force,2,50586930.3510082,9984315,1033,10
NA,1940,0,0,0,Use of Force,2,57225016.91793054,5795383,5531,-8
German Seizure of Finnish Ships and Attacks on Finnish Shipping (1939-1940),1939,2,0,0,Use of Force,2,73965681.37976624,12068491,2787,-2.5
NA,1939,1,0,0,Use of Force,2,72286280.07470366,12008432,2779,-9
NA,1939,1,0,0,Use of Force,2,88993277.91511115,8565083,975,0.5
The Conquest of Egypt of 1882,1882,0,830,1141,War,3,77491044.28164473,63827,850,7
Nazi Pressure Against Sweden from Norway (1940),1940,0,0,0,Use of Force,2,78982009.61137621,21305623,3400,0.5
British Accidental Bombing of Sweden (1940),1940,0,0,0,Use of Force,2,53000910.38173127,10053952,1120,10
German Attacks on Swedish Shipping (1939-1943),1939,4,0,0,Use of Force,2,76528182.57158308,12098741,2750,0.5
German Attacks on Estonian Shipping (1939-1940),1939,1,0,0,Use of Force,2,71491743.39916648,12005123,2765,-7.5
German Invasion of Yugoslavia (1941),1941,0,1410,2655,Use of Force,4,141810629.1865864,29731117,7250,-4.75
NA,1940,0,0,0,Use of Force,2,24358609.84331972,0,815,-4
NA,1940,1,150,300,Use of Force,3,96103412.63369976,21313693,3463,-8.666666666666666
Italian Invasion of Egypt (1940),1940,0,114,225,War,3,106037570.04551242,10569206,2704,0.6666666666666666
NA,1940,0,0,0,Use of Force,2,75695438.272271,21217684,3308,-0.5
NA,1941,0,2,2,Use of Force,2,189212520.17355904,6884227,4207,-9.5
German Uboat Attacks on Uruguayan Shipping (1942),1942,0,0,0,Use of Force,2,77462681.66732736,36912565,7028,-4.5
German Uboat Attacks on Mexican Shipping (1942),1942,0,0,0,Use of Force,2,95824273.99436083,36924691,7080,-7.5
United States Invasion of Panama (1989),1988,2,254,344,Use of Force,2,241241742.64208752,282036000,2261,1
NA,1989,0,5,5,Use of Force,2,9519653.479239129,277230,64,6
NA,1989,0,1,1,Use of Force,2,8283322.3123269435,138000,84,2.5
NA,1989,0,72,72,Use of Force,2,38137109.11500722,377820,60,-7
NA,1989,1,1,1,Use of Force,2,40178014.6996138,543820,105,-7
NA,1989,0,4,4,Use of Force,2,29375170.543060847,312050,67,-7
NA,1989,0,5,5,Use of Force,2,69198837.58304629,19600000,1604,-7.5
NA,1989,0,0,0,Use of Force,2,56792196.00589373,10290000,641,0
NA,1989,0,0,0,Use of Force,2,117539627.80916318,2580000,575,0
NA,1989,0,1,25,Use of Force,2,91182474.22870564,2132590,483,-1.5
NA,1989,0,0,0,Use of Force,2,115853918.37812003,4120000,1533,-2
NA,1989,0,1,1,Use of Force,2,69198837.58304629,19600000,1604,-7.5
NA,1989,0,0,0,Use of Force,2,63727010.72825619,3610000,1180,0
NA,1990,0,2,50,Use of Force,2,8248738.804049926,116280,30,-4.5
Mauritania–Senegal Border War (1989-1990),1989,1,3,9,Use of Force,2,8939315.572856372,134950,31,-4
NA,1990,1,0,0,Use of Force,2,21540032.387138158,14770000,1580,-1.5
The Gulf War of 1990–1991,1990,2,9726,46647,War,10,486156381.9283119,444895000,5617,-0.3333333333333333
NA,1990,1,3,3,Use of Force,2,7783921.30053493,6731210,290,1
NA,1990,0,0,0,Use of Force,2,925839595.0566175,13010000,1810,8
NA,1990,0,41,41,Use of Force,2,92051831.65506943,2918000,513,-2
NA,1991,0,0,0,Use of Force,2,301267917.7994585,268189000,2575,2
NA,1991,0,0,0,Use of Force,2,5857998.934483366,48000,10,-3
NA,1991,0,3,3,Use of Force,2,23737449.216888297,190680,90,-7
NA,1991,0,0,0,Use of Force,2,19530177.77392097,28400000,485,-9
NA,1991,0,68,116,Use of Force,2,942941641.0668148,11300000,1825,8
NA,1991,0,1,1,Use of Force,2,145544558.89423913,1274310,393,-0.5
NA,1991,0,2,2,Use of Force,2,8823841.508052766,286000,37,6
NA,1977,2,31,155,Use of Force,3,13634758.955951907,4935317,438,0
Thai-Cambodian Border Fight with the Khmer Rouge (1994-1996),1994,2,4,12,Use of Force,2,66439688.02449786,3763000,360,5
NA,1995,0,0,0,Use of Force,2,98304227.49484633,5886000,610,1
NA,1996,0,0,0,Use of Force,2,83695311.3033457,1155000,710,-3
NA,1995,0,0,0,Use of Force,2,1016858133.6394022,10492000,1375,7.5
The Kargil War of 1999,1993,6,615,1531,War,2,979397140.574382,10300000,1840,8
NA,1995,0,2,2,Use of Force,2,128196464.4296566,4916000,938,1
Gulf of Fonseca Fighting (1995),1995,0,0,0,Use of Force,2,9801793.670691293,93000,31,7
NA,1995,0,0,0,Use of Force,2,9801793.670691293,93000,31,7
The Cenepa Valley War of 1995,1995,0,370,899,War,2,33928544.27401236,1404000,173,5
Restoration of Haitian President Jean-Bertrand Aristide (1993-1994),1993,1,0,0,Use of Force,8,454970382.4809638,388591000,2844,6.75
NA,1993,0,5,5,Use of Force,2,1156507682.8393276,32700000,4130,-8
NA,1993,6,28,102,Use of Force,6,1131148191.432883,973902000,7368,7.444444444444445
NA,1995,0,0,0,Use of Force,2,1230482599.2240639,34290000,3034,0.5
NA,1996,1,0,0,Use of Force,2,1245888450.1789894,37696000,2753,0.5
NA,1994,0,0,0,Use of Force,2,1221258330.734665,29937000,3630,-7
Canadian-EU Fishing Conflict (1995),1995,0,0,0,Use of Force,2,66603397.32451235,17778000,280,10
NA,1993,0,1,1,Use of Force,2,56916897.05807175,7564000,696,9
NA,1993,0,0,0,Use of Force,2,56916897.05807175,7564000,696,9
NA,1994,1,0,0,Use of Force,2,67555436.34422728,7900000,1017,9
NA,1994,0,2,2,Use of Force,2,13314998.02909667,3397500,271,7.5
NA,1993,2,0,0,Use of Force,2,264298355.94603378,70850000,1742,6.5
NA,1994,0,0,0,Use of Force,2,195319435.24309513,97791000,1895,5
NA,1993,1,27,55,Use of Force,7,212448419.52207404,30570300,1644,-3.857142857142857
NA,1993,0,1,1,Use of Force,2,5116317.0879962025,135000,75,5.5
NA,1993,0,1,1,Use of Force,2,14470505.729936682,52300,35,2
NA,1995,0,0,0,Use of Force,2,113400393.83137827,1541000,120,-5
NA,1993,0,0,0,Use of Force,2,41901856.10770265,245000,50,2.5
NA,1993,0,0,0,Use of Force,2,75937084.00547573,4116000,935,-7.5
NA,1993,0,0,0,Use of Force,2,4175569.555404445,86700,4,6
NA,1996,0,0,0,Use of Force,2,4577947.572697065,80000,5,6
NA,1994,3,62,80,Use of Force,2,46950952.9333497,456000,142,-5.5
NA,1994,0,44,44,Use of Force,2,81396421.63913217,496000,202,-3
NA,1995,1,0,0,Use of Force,2,3672778.793439426,62000,53,-6.5
NA,1993,0,0,0,Use of Force,2,113842418.7178787,336000,91,-7
NA,1997,0,0,0,Use of Force,2,1202778151.4362109,38824000,3700,-8.5
NA,1995,1,0,0,Use of Force,2,69003574.1167377,11662000,1018,9
NA,1996,5,2,2,Use of Force,3,101007398.97941451,30458000,1564,9.666666666666666
NA,1997,0,0,0,Use of Force,2,147667709.97619686,64109000,1311,4
NA,1997,0,0,0,Use of Force,2,5154881.26587688,154435,67,5.5
NA,1994,0,0,0,Use of Force,2,77582099.26944378,5088000,953,-7.5
NA,1994,1,31,49,Use of Force,2,17948193.012429666,15049000,233,-6
NA,1994,0,16,44,Use of Force,2,115862791.28686188,1332000,92,-5.5
Hanish Islands Conflict (1995-1996),1995,1,30,42,Use of Force,2,3122048.7658413006,427000,113,-4
Rwandan Intervention in the Zairean Civil War (1996-1997),1996,1,352,750,Use of Force,2,49255191.920899406,271000,105,-3
NA,1997,0,0,0,Use of Force,2,36103513.33577869,208000,70,-3
NA,1996,3,20,202,Use of Force,2,32319557.980248936,473000,134,-6.5
NA,1998,2,0,0,Use of Force,2,1268050958.048233,39712000,2706,0.5
NA,1997,0,0,0,Use of Force,2,87741200.38131729,547000,205,-3
NA,1995,0,2,2,Use of Force,2,88226086.3057754,2895000,519,-6.5
NA,1997,1,4,13,Use of Force,2,69184838.50481431,3470000,348,1
The War for Kosovo of 1999,1998,1,250,400,War,24,843282252.6548505,530407000,5839,8.291666666666666
NA,1999,0,3,3,Use of Force,2,101923671.87218757,4633000,645,1
NA,1999,1,0,0,Use of Force,2,10652392.485146761,120000,20,7.5
NA,1995,1,0,0,Use of Force,2,33928544.27401236,1404000,173,5
NA,1997,0,0,0,Use of Force,2,35108004.16494816,1968000,173,4.5
NA,1998,0,0,0,Use of Force,2,8199415.969298771,100000,24,9
NA,2000,0,0,0,Use of Force,2,11198933.271353653,173000,32,8
NA,1997,0,0,0,Use of Force,2,23142751.769791164,1580000,77,9
NA,1995,0,0,0,Use of Force,2,78498540.01411203,7856000,1255,-0.5
NA,1998,0,2,50,Use of Force,2,82948726.31070948,6134000,460,-2
NA,1999,0,0,0,Use of Force,2,84561599.57469879,5961000,860,-2
NA,1995,0,2,2,Use of Force,2,119316356.42360842,1709000,102,-5
Fighting on the Bakassi Peninsula (1996-1997),1996,0,55,227,Use of Force,2,122717245.8094025,2141000,95,-5
NA,1995,0,11,11,Use of Force,2,13840252.388609964,449000,110,1.5
NA,1996,0,0,0,Use of Force,2,63353066.41048381,330000,100,-2
NA,1997,0,0,0,Use of Force,2,10224833.402705066,137000,24,7
NA,1996,0,0,0,Use of Force,2,202401450.6291263,81664000,2118,5.5
NA,1998,0,2,10,Use of Force,2,10514771.33065942,348000,120,-1
NA,1999,0,0,0,Use of Force,2,27717170.49895845,1265000,45,-6
Israel/Hezbollah and the Lebanon War (1993-2009),1993,21,102,277,Use of Force,3,91958534.76212549,20608000,2223,-6.285714285714286
NA,1999,0,0,0,Use of Force,2,90197573.61454874,771000,324,-0.5
NA,1998,0,0,0,Use of Force,2,35686614.62234129,1552000,173,5
NA,1996,1,0,0,Use of Force,2,80487146.18972921,4719000,990,-7.5
NA,1997,1,0,0,Use of Force,2,70111910.32851055,13344000,1026,8.5
NA,1999,2,3,27,Use of Force,3,187372919.22842818,58800000,1359,-4.333333333333333
NA,1997,1,5,5,Use of Force,2,19520973.311976172,18544000,249,-6
NA,1997,0,0,0,Use of Force,2,81779766.14607531,5945000,975,-3
NA,1996,3,0,0,Use of Force,2,79237606.82434052,8951000,1268,-0.5
NA,1999,0,0,0,Use of Force,2,84493670.56040496,11217000,1209,-1
"US Bombing of Osama bin Laden, Sudan [Operation Infinite Reach] (1998)",1998,0,0,0,Use of Force,2,298981855.7129892,280083000,1615,1.5
NA,2000,0,1,1,Use of Force,3,207873778.2153537,62684000,1655,6
NA,1999,1,74,127,Use of Force,2,1110920232.6452367,17418000,1890,1.5
"US Bombing of Osama bin Laden, Afghanistan [Operation Infinite Reach] (1998)",1998,0,0,0,Use of Force,2,290030846.52997667,279957000,1510,1.5
NA,2000,0,0,0,Use of Force,2,10548714.676254366,1520000,113,-1
NA,2001,0,0,0,Use of Force,2,10612037.499182818,1470000,114,-1
Russo-Georgian War over South Ossetia and Abkhazia (2001-2010),2001,2,0,0,Use of Force,2,145710061.2204474,63949000,994,5.5
NA,1997,0,0,0,Use of Force,2,47183317.16754846,382000,40,-3
Angolan Intervention into Congolese Civil War (1997),1997,0,52,200,Use of Force,2,14686847.174867734,838000,105,-4.5
NA,1998,1,0,0,Use of Force,2,51457174.11116442,611000,155,-5.5
NA,1998,0,13,37,Use of Force,2,126635353.06016171,2292000,91,-2.5
Nigerian Intervention into Sierra Leone (1997),1997,1,58,227,Use of Force,4,140376028.21439037,2201000,100,-1.25
Ugandan-Rwandan Fight in the Congo (1999),1999,0,502,1000,Use of Force,2,28950142.34480918,334000,90,-5
NA,2000,0,52,200,Use of Force,2,30109617.914657563,233000,120,-4
NA,2000,1,1,1,Use of Force,2,10784138.424747542,71000,25,-0.5
The Badme Border War of 1998–2000,1998,2,58028,94760,War,2,63250729.314568855,684000,300,-2.5
NA,2000,0,0,0,Use of Force,2,62072549.907495424,4459000,208,7
NA,2001,0,1,25,Use of Force,2,143143916.37827212,41562000,1322,0
NA,1996,0,1,25,Use of Force,4,340151940.1460527,317770000,2263,1
NA,1996,1,0,0,Use of Force,2,22031099.51732819,5250000,472,-8
The Invasion of Iraq of 2003,1997,6,3604,6336,War,20,802392047.6599027,589846000,6551,-0.5
NA,2001,2,21,357,Use of Force,2,1147323426.8270302,16562000,1883,1.5
NA,2001,0,1,1,Use of Force,2,1495606201.227623,368414000,3678,1.5
NA,2001,3,17,17,Use of Force,2,66386616.12677355,13214000,1765,-1
The Invasion of Afghanistan of 2001,2001,0,5423,7484,War,16,912891398.2487874,527759000,4836,6.4
NA,2001,1,26,26,Use of Force,2,11853107.95626605,28000,33,1.5
NA,1996,0,1,25,Use of Force,2,90069317.55110727,3154000,519,-6.5
NA,2000,0,0,0,Use of Force,3,96975843.91371,45801000,369,9
NA,2000,0,0,0,Use of Force,3,287196025.88330567,305471000,1525,8.333333333333334
NA,1993,0,1,25,Use of Force,2,271341314.8411153,300200000,2217,0.5
NA,2001,0,0,0,Use of Force,2,12844536.417692706,57000,16,0.5
NA,2001,0,0,0,Use of Force,2,7158583.567730797,36000,21,1
NA,2001,0,0,0,Use of Force,2,23799984.3099983,1497000,152,1
NA,2001,1,0,0,Use of Force,2,55799766.3251681,714000,172,-5.5
NA,2001,0,0,0,Use of Force,2,18237844.243085615,135000,25,0.5
NA,1994,0,0,0,Use of Force,2,49440893.820166856,179000,56,3
NA,1993,0,6,6,Use of Force,2,17101198.26855766,74000,17,7.5
NA,1996,0,0,0,Use of Force,2,21845303.425986692,154000,27,-3.5
NA,2000,0,0,0,Use of Force,2,17033619.402013764,64000,10,5.5
NA,2001,0,26,100,Use of Force,2,105140309.65321283,19407000,650,1
NA,1995,0,52,200,Use of Force,2,10481239.45852207,186000,138,-1.5
NA,1996,1,47,107,Use of Force,2,10477741.024148868,258000,140,-6
NA,1999,0,0,0,Use of Force,2,149036575.1432903,2517000,592,0.5
Second Congo War (1998-2002),1998,4,559,6815,War,6,201014581.17273858,4435000,571,-1.9166666666666667
NA,1993,0,1,1,Use of Force,2,15160646.943743069,1340000,180,-5
Croat-Bosniak War (1993-1994),1993,1,22,655,Use of Force,2,8404884.653441133,2216000,140,-1.5
NA,2002,0,0,0,Use of Force,2,75415788.9961161,338000,252,0.5
NA,2002,0,0,0,Use of Force,2,99206958.17218563,552000,276,4.5
NA,2002,1,0,0,Use of Force,3,83668050.98016988,221000,211,-2.6666666666666665
NA,2002,0,0,0,Use of Force,2,7353893.453201186,28000,28,2.5
NA,2002,0,20,60,Use of Force,2,37032317.074238576,539000,289,-6.5
NA,2002,0,0,0,Use of Force,2,55847663.40550588,379000,79,2
NA,2002,0,0,0,Use of Force,2,68861665.0696786,10564000,374,2
NA,2002,0,0,0,Use of Force,2,71692527.90684658,489000,424,-3
NA,2002,1,0,0,Use of Force,2,19327076.190322146,145000,32,0
NA,2002,0,0,0,Use of Force,2,55663768.71798455,475000,157,-3.5
NA,2003,0,1,1,Use of Force,2,73708809.23147203,446000,366,-3
NA,2003,0,0,0,Use of Force,2,101922034.6362076,546000,188,4.5
NA,2004,1,0,0,Use of Force,3,69138718.48463568,282000,182,1.6666666666666667
NA,2004,0,1,1,Use of Force,3,103500369.93015534,53177000,391,0.3333333333333333
NA,2004,1,0,0,Use of Force,2,39090464.31122054,500000,306,-6.5
NA,2004,0,9,9,Use of Force,2,76800079.24861062,52892000,274,4.5
NA,2004,0,1,25,Use of Force,2,34581735.327483885,237000,104,-3.5
NA,2005,0,1,1,Use of Force,2,107842424.1037159,688000,207,2.5
NA,2005,0,0,0,Use of Force,2,25918855.18165112,109000,16,2
NA,2005,0,1,1,Use of Force,2,150552478.95857546,1076000,102,0
Chadian Actions Against Rebels in Sudan (2005-2006),2005,1,0,0,Use of Force,2,44877654.821997166,1225000,135,-3
NA,2006,0,1,25,Use of Force,2,110677535.47350712,743000,207,2.5
NA,2006,0,1,1,Use of Force,2,84465195.24337828,355000,110,2
NA,2006,1,0,0,Use of Force,2,84097606.13153596,345000,183,-1.5
NA,2006,1,19,52,Use of Force,2,45986869.190054275,59000,135,-3
NA,2007,0,3,3,Use of Force,2,87476347.43788844,398000,96,2
NA,2007,0,0,0,Use of Force,2,66684730.0779625,244000,86,5.5
NA,2007,0,0,0,Use of Force,2,82699541.92261046,336000,355,-5
NA,2007,1,0,0,Use of Force,2,47444984.87746222,70000,122,-3
NA,2008,0,1,1,Use of Force,2,88994339.074475,366000,138,-1.5
NA,2008,0,3,27,Use of Force,2,5666864.255531059,15000,213,-2.5
NA,2008,0,1,1,Use of Force,2,118380342.48862252,366000,247,-3.5
NA,2008,3,0,0,Use of Force,2,88994339.074475,366000,138,-1.5
NA,2009,0,0,0,Use of Force,2,80150592.79297495,3297000,258,1.5
NA,2010,0,11,35,Use of Force,2,88867696.2011043,308000,340,-5
NA,2010,0,0,0,Use of Force,2,71381226.58579436,900000,69,3.5
NA,2002,12,90,208,Use of Force,2,10736798.311025808,1600000,116,-1
NA,2005,0,0,0,Use of Force,2,11382902.970891394,96000,21,0
NA,2006,0,0,0,Use of Force,2,30116392.64534977,121000,68,-2.5
NA,2006,0,1,1,Use of Force,2,31781878.357895255,158000,63,-6
NA,2006,0,0,0,Use of Force,2,70088304.76924497,13222000,563,6
NA,2010,0,0,0,Use of Force,2,31586450.460819896,1441000,78,-2.5
NA,2003,0,0,0,Use of Force,2,143326567.56086344,42835000,1322,0
NA,2005,0,0,0,Use of Force,2,67567229.31763926,21504000,1794,-1
NA,2005,1,0,0,Use of Force,2,1251361294.7394001,29873000,2255,-6
NA,2006,0,0,0,Use of Force,2,259188965.57687986,65721000,1287,8
NA,2009,4,48,48,Use of Force,3,370223745.9242449,716039000,3373,2.6666666666666665
NA,2010,0,0,0,Use of Force,2,1368585423.7746055,78934000,2740,-7
NA,2010,0,0,0,Use of Force,2,1306868747.943805,76361000,3391,-8.5
NA,2010,4,0,0,Use of Force,2,1406230484.906493,130718000,2515,1.5
NA,2003,0,0,0,Use of Force,2,64867945.30234338,4517000,282,6.5
NA,2003,0,0,0,Use of Force,2,202063248.6758293,10032000,388,8.5
NA,2007,0,0,0,Use of Force,2,56215806.02424869,7579000,266,6
NA,2008,0,0,0,Use of Force,2,56979115.770915724,10651000,311,6
NA,2003,0,1,1,Use of Force,2,22644038.32524457,11784000,486,-0.5
NA,2003,0,0,0,Use of Force,3,404775698.3976645,452502000,2180,7.666666666666667
NA,2003,0,0,0,Use of Force,2,13256406.10373303,13811000,195,8
NA,2003,0,0,0,Use of Force,2,346500022.70049757,413956000,1942,8.5
NA,2003,0,0,0,Use of Force,2,22644038.32524457,11784000,486,-0.5
NA,2004,0,0,0,Use of Force,2,302742435.7093149,457356000,1763,1.5
NA,2004,1,1,1,Use of Force,2,351319643.0157669,461512000,1930,2
NA,2004,1,0,0,Use of Force,2,91266250.28778262,5604000,764,-6
NA,2004,0,2,2,Use of Force,2,131123253.54186174,14994000,995,0.5
NA,2004,0,3,3,Use of Force,2,77235905.29270434,13250000,627,0
NA,2005,0,0,0,Use of Force,3,332131149.5011535,496828000,1962,1.5
NA,2005,0,0,0,Use of Force,2,24446558.320762932,25956000,267,-6
NA,2006,0,2,2,Use of Force,2,80112561.3949761,15919000,637,1.5
NA,2006,0,0,0,Use of Force,2,24347005.832311146,13321000,476,-0.5
NA,2006,4,3,3,Use of Force,2,94422282.58563802,8541000,772,-6
NA,2006,1,0,0,Use of Force,2,356784400.5535554,530381000,2091,2
NA,2007,0,0,0,Use of Force,2,25133646.87237538,13072000,476,-0.5
NA,2009,0,0,0,Use of Force,2,68565475.27838242,67962000,530,7.5
NA,2009,0,0,0,Use of Force,3,397320129.91339815,674803000,2640,1.5
NA,2009,0,0,0,Use of Force,2,83797971.85807906,17634000,646,1.5
NA,2002,3,15,153,Use of Force,2,165374559.27770805,2687000,670,-5
NA,2002,0,0,0,Use of Force,2,106088151.47757903,7464000,750,1
NA,2002,5,9,63,Use of Force,2,1159185510.513961,14356000,1435,7.5
NA,2003,0,2,2,Use of Force,2,106807117.25433603,8191000,802,1
NA,2004,1,0,0,Use of Force,2,1087185491.1436129,19954000,1391,1.5
NA,2004,1,1,1,Use of Force,2,107769432.46281382,7219000,768,0.5
NA,2005,0,0,0,Use of Force,2,1231264028.2561297,25793000,1944,2
NA,2006,0,0,0,Use of Force,2,180523633.50566104,4276000,646,-5
NA,2006,1,12,12,Use of Force,2,180523633.50566104,4276000,646,-5
NA,2007,0,1,1,Use of Force,2,449118189.4354986,557098000,2125,6
NA,2007,0,2,2,Use of Force,2,95494210.88633719,7604000,595,-6
NA,2007,0,1,1,Use of Force,2,109976902.4726468,10342000,682,-4.5
NA,2008,0,0,0,Use of Force,2,455202202.5276427,620495000,2117,7.5
NA,2008,3,4,52,Use of Force,2,1270862914.1312146,32735000,1438,1.5
NA,2008,0,0,0,Use of Force,2,97206280.56169364,9775000,596,-6
NA,2008,0,16,64,Use of Force,2,188368275.97206053,4602000,670,5
"Low-Intensity, Indo-Pakistani Border War (2008-2014)",2008,6,53,53,Use of Force,2,1287247669.3541944,35962000,1907,7
Preah Vihear Temple Conflict (2008-2010),2008,2,4,22,Use of Force,2,77750906.7462265,4569000,430,3
NA,2009,0,1,1,Use of Force,2,98824545.31757447,8888000,576,-7
NA,2010,2,27,27,Use of Force,2,465079580.8071333,699199000,2197,8
NA,2010,1,0,0,Use of Force,2,99759578.112634,10841000,617,-7
NA,2012,1,0,0,Use of Force,2,379179909.8330251,680637000,2092,1.5
NA,2014,0,0,0,Use of Force,2,337791522.3860478,584286000,1678,4.5
NA,2011,0,0,0,Use of Force,2,10075901.39296903,280000,15,8
NA,2012,0,0,0,Use of Force,2,64406526.5403125,4969000,89,8
Ivorian Election Crisis (2011),2011,0,0,0,Use of Force,2,81562521.49094059,54062000,256,6.5
NA,2011,0,0,0,Use of Force,2,81562521.49094059,54062000,256,6.5
NA,2012,0,0,0,Use of Force,2,1262617647.6815457,59900000,1510,9.5
NA,2013,0,0,0,Use of Force,2,1951287.5603400182,681000,28,8
NA,2014,0,0,0,Use of Force,2,82160125.7669291,6130000,485,-0.5
NA,2011,0,0,0,Use of Force,2,141114716.35811824,52015000,1067,5
NA,2011,2,0,0,Use of Force,2,101603877.08096902,22174000,757,6
NA,2014,0,0,0,Use of Force,2,105796892.49598122,28915000,782,4.5
NA,2011,3,28,44,Use of Force,3,501605472.0866743,694290000,2317,8
NA,2013,0,0,0,Use of Force,2,154224087.32641253,70481000,884,-1
NA,2011,0,2,2,Use of Force,2,80982036.0850549,21207000,590,-7
NA,2013,0,0,0,Use of Force,2,31587199.90329037,751000,30,4
NA,2011,0,0,0,Use of Force,2,22152656.208123844,402000,16,-2.5
NA,2013,0,0,0,Use of Force,2,25919688.095582783,6049000,117,-3
NA,2013,0,0,0,Use of Force,2,102693257.26754555,758000,179,2
NA,2012,0,1,1,Use of Force,2,76434840.45567839,308000,192,0.5
NA,2013,0,0,0,Use of Force,2,78480246.36564928,498000,167,1
NA,2014,0,6,6,Use of Force,2,79532996.06982058,537000,167,1
NA,2013,0,0,0,Use of Force,2,78270008.75251052,1130000,344,2.5
NA,2011,0,0,0,Use of Force,2,49314216.50427527,629000,26,8
NA,2013,0,0,0,Use of Force,2,50983916.147205874,975000,27,7
NA,2012,0,0,0,Use of Force,2,93495538.84399606,254000,340,-5
NA,2011,3,2,27,Use of Force,2,51956085.8634505,1696000,109,-1
NA,2014,0,0,0,Use of Force,2,56741746.707726985,1044000,454,-2
NA,2011,0,0,0,Use of Force,2,49134705.01946369,16326000,286,2
NA,2011,0,0,0,Use of Force,2,49134705.01946369,16326000,286,2
NA,2012,0,0,0,Use of Force,2,50555365.87484134,16865000,286,1
NA,2011,0,0,0,Use of Force,2,102961436.01270182,31538000,769,-2
NA,2012,0,0,0,Use of Force,2,102145980.8448009,27326000,694,-7
NA,2013,0,4,4,Use of Force,2,102400181.11861007,20647000,714,-7
NA,2014,0,0,0,Use of Force,2,102851212.88018222,18991000,709,-4
NA,2012,0,0,0,Use of Force,2,243802712.20448244,31063000,1165,-0.5
NA,2013,1,2,2,Use of Force,2,246572002.0104006,23639000,1165,0
NA,2011,0,3,3,Use of Force,2,86746790.52853295,19496000,646,2
NA,2014,0,6,6,Use of Force,2,91377981.64516579,25588000,616,1
NA,2013,0,0,0,Use of Force,2,182443638.45528984,70581000,975,5
NA,2014,0,0,0,Use of Force,2,182617643.2267073,73635000,975,4
NA,2014,0,0,0,Use of Force,2,182617643.2267073,73635000,975,4
NA,2014,0,0,0,Use of Force,2,33761016.91780809,3286000,208,-4.5
NATO Intervention into Libya (2011),2011,0,0,0,Use of Force,34,829408963.9268264,1002803000,4040,7.757575757575758
NA,2011,0,0,0,Use of Force,2,16276112.343869306,623000,112,2
NA,2013,0,0,0,Use of Force,2,25708581.344396625,1216000,279,-6
Interventions into Syrian Civil War (2011-2014),2011,3,5,27,Use of Force,8,1417342075.3887742,2106939000,8133,4.384615384615385
NA,2013,1,2,2,Use of Force,2,13389195.104111504,291000,20,2
NA,2014,0,0,0,Use of Force,2,1368992106.2769806,163846000,2988,0.5
NA,2012,0,0,0,Use of Force,2,1398064215.3202066,105938000,2767,-7
NA,2013,0,0,0,Use of Force,2,1402966705.7240877,115973000,2767,-7
NA,2014,0,0,0,Use of Force,2,1410442929.738576,133656000,2815,-7
NA,2011,1,0,0,Use of Force,2,1396750640.8621547,91863000,2410,0.5
NA,2014,0,0,0,Use of Force,2,1415005386.9154701,131443000,2458,0.5
NA,2014,0,0,0,Use of Force,3,380022953.3663415,615438000,3337,2.6666666666666665
NA,2011,0,1,1,Use of Force,2,34278308.31049527,1568000,76,-6
NA,2012,0,0,0,Use of Force,2,34805653.895265654,170000,76,-6
NA,2012,0,0,0,Use of Force,2,1354089912.6939878,34941000,1482,7
NA,2014,0,1,1,Use of Force,2,201911339.9961164,4389000,563,-1
NA,2011,0,0,0,Use of Force,2,114012147.66947363,7935000,712,2
NA,2013,0,0,0,Use of Force,2,115337983.90885557,8613000,767,2
NA,2012,1,3,3,Use of Force,2,32711886.592451103,105000,78,-1
NA,2013,0,0,0,Use of Force,2,2527425623.3342648,148470000,3610,1
NA,2014,0,0,0,Use of Force,2,482947355.12207043,587006000,2136,8.5
NA,1949,1,10,10,Use of Force,2,318541855.9225521,27467622,5215,0.5
NA,1951,1,30,30,Use of Force,2,326881656.2167559,53524000,8249,0.5
NA,1953,0,17,17,Use of Force,2,338499239.84383774,75148640,9355,1.5
NA,1954,1,14,14,Use of Force,2,344541514.0237205,70850976,9102,1.5
NA,1956,0,0,0,Use of Force,2,354433892.1688578,68522416,7906,1.5
NA,1980,0,4,4,Use of Force,2,9563015.52238493,1131388,220,-7
Maria Luz Incident,1872,0,0,0,Use of Force,3,66893863.36259392,22764,284,1
NA,1988,0,0,0,Use of Force,2,44982086.090221375,753420,85,0
NA,2004,0,0,0,Use of Force,2,4364438.054403512,944000,269,-4.5
NA,2004,0,0,0,Use of Force,2,47451533.794756465,22250000,317,8
NA,2009,0,0,0,Use of Force,2,138954528.64507347,19519000,1034,0
NA,2003,0,0,0,Use of Force,2,101922034.6362076,546000,188,4.5
NA,2005,0,1,1,Use of Force,2,107842424.1037159,688000,207,2.5
NA,2002,0,0,0,Use of Force,2,52215002.666929424,3491000,218,6.5
NA,2002,0,0,0,Use of Force,2,28853279.29698915,2300000,63,-6
NA,2002,0,0,0,Use of Force,2,4032915.0100362874,891000,238,-4.5
NA,2003,0,10,10,Use of Force,2,1042177171.9133624,15508000,1325,-0.5
NA,2003,0,0,0,Use of Force,2,13421580.739666475,4846000,193,5.5
NA,2003,0,0,0,Use of Force,2,422141074.90890896,470120000,2388,8
NA,2003,1,0,0,Use of Force,2,29051159.016296513,2420000,63,-6
NA,2003,0,0,0,Use of Force,2,64867945.30234338,4517000,282,6.5
NA,2003,0,0,0,Use of Force,2,30495319.859675944,411000,37,0.5
NA,2006,0,0,0,Use of Force,2,39993475.53165972,885000,121,-7.5
NA,2006,0,3,5,Use of Force,2,64165080.157576874,237000,116,5.5
NA,2009,0,10,10,Use of Force,2,26909770.655037224,42159000,289,-6
NA,2010,0,0,0,Use of Force,2,112973650.15005723,6583000,712,-1
NA,1999,0,51,121,Use of Force,2,28950142.34480918,334000,90,-5
NA,1988,0,0,0,Use of Force,3,247066334.61543417,282201000,2343,4.666666666666667
NA,2000,0,4,180,Use of Force,2,30109617.914657563,233000,120,-4
NA,1967,2,1,1,Use of Force,2,12355257.668948289,370725,205,-3.5
NA,1995,1,4,40,Use of Force,2,83250925.77880219,508000,209,-3
NA,1998,1,13,59,Use of Force,2,10514771.33065942,348000,120,-1
Russo-Georgian War over South Ossetia and Abkhazia (2001-2010),2004,6,131,450,Use of Force,2,143766803.5286428,61865000,1014,6.5
NA,1997,0,0,0,Use of Force,2,22893428.016979028,4868000,428,-8
NA,2001,0,10,10,Use of Force,2,23799984.3099983,1497000,152,1
NA,1995,1,0,0,Use of Force,2,10481239.45852207,186000,138,-1.5
NA,2007,0,0,0,Use of Force,2,95494210.88633719,7604000,595,-6
Preah Vihear Temple Conflict (2011),2011,0,0,0,Use of Force,2,79909753.61263251,5828000,430,4.5
Spain Seizes the Chincha Islands (1864),1864,0,0,0,Use of Force,2,17747187.824669685,5211,136,-3.5
NA,1904,0,0,0,Use of Force,2,22286531.135196917,434,36,-0.5
NA,1939,0,0,0,Use of Force,2,8512505.710743595,9287,23,0.5
NA,1935,0,0,0,Use of Force,2,7903760.101832137,8714,25,0.5
NA,1902,0,0,0,Use of Force,2,4667475.9087667875,745,7,-0.5
NA,1903,0,4,4,Use of Force,2,4756316.929264158,637,8,-0.5
NA,1859,1,0,0,Use of Force,2,3010192.471888181,0,10,-1
NA,1975,0,0,0,Use of Force,2,45030317.17761445,67008,705,-3.5
